province,district,wikipedia,element
Thành phố Cần Thơ,Huyện Cờ Đỏ,https://vi.wikipedia.org/wiki/C%E1%BB%9D_%C4%90%E1%BB%8F_(huy%E1%BB%87n)#%C4%90%C6%B0%E1%BB%9Dng_ph%E1%BB%91,"Hà Huy Giáp,Lê Đức Thọ,Nguyễn Trọng Quyền,Nguyễn Văn Nhung,Trần Ngọc Hoằng,Vành đai thị trấn Cờ Đỏ"
Thành phố Cần Thơ,Huyện Thới Lai,NO,NO
Thành phố Cần Thơ,Huyện Vĩnh Thạnh,"https://vi.wikipedia.org/wiki/V%C4%A9nh_Th%E1%BA%A1nh_(huy%E1%BB%87n),_C%E1%BA%A7n_Th%C6%A1#%C4%90%C6%B0%E1%BB%9Dng_ph%E1%BB%91",Phù Đổng Thiên Vương
Thành phố Cần Thơ,Quận Bình Thủy,https://vi.wikipedia.org/wiki/B%C3%ACnh_Th%E1%BB%A7y_(qu%E1%BA%ADn)#Giao_th%C3%B4ng,"Cách mạng Tháng 8
Lê Hồng Phong
Nguyễn Văn Linh
Võ Văn Kiệt
Bùi Hữu Nghĩa
Nguyễn Chí Thanh
Tỉnh lộ 920
Tỉnh lộ 922 
Đồng Ngọc Sứ
Đồng Văn Cống
Lê Văn Bì
Lê Quang Chiểu
Lê Văn Sô
Nguyễn Đệ
Nguyễn Thông
Nguyễn Việt Dũng
Phạm Hữu Lầu
Phạm Ngọc Hưng
Thái Thị Nhạn
Trần Quang Diệu
Trần Văn Nghiêm
Đặng Thị Nhường
Huỳnh Mẫn Đạt
Nguyễn Thị Tính
Đặng Văn Dầy
Đỗ Trọng Văn
Huỳnh Phan Hộ
Nguyễn Chánh Tâm
Nguyễn Truyền Thanh
Lạc Long Quân
Hồ Trung Thành
Huỳnh Phan Hộ
Lê Thị Hồng Gấm
Nguyễn Viết Xuân
Đinh Công Chánh
Nguyễn Thanh Sơn
Nguyễn Thị Tạo
Đinh Công Chánh
Lê Thị Phỉ
Nguyễn Văn Trường
Đặng Xuân Hồng
Nguyễn Viết Xuân
Phạm Thị Ban"
Thành phố Cần Thơ,Quận Thốt Nốt,https://vi.wikipedia.org/wiki/Th%E1%BB%91t_N%E1%BB%91t_(qu%E1%BA%ADn)#%C4%90%C6%B0%E1%BB%9Dng_ph%E1%BB%91,"30 tháng 4
Bạch Đằng
Hòa Bình
Lê Lợi
Lê Thị Tạo
Lương Thế Vinh
Mai Văn Bộ
Nguyễn Công Trứ
Nguyễn Hữu Cảnh
Nguyễn Kim
Nguyễn Thái Học
Nguyễn Thị Lưu
Nguyễn Trọng Quyền
Nguyễn Trung Trực
Nguyễn Tuân
Nguyễn Văn Kim
Phan Đình Giót
Sư Vạn Hạnh
Thanh Niên
Thoại Ngọc Hầu
Trịnh Hoài Đức
Trưng Nữ Vương
Tự Do
Võ Duy Dương
Võ Thị Kim Anh
Lê Thị Tám
Hồ Biểu Chánh
Huỳnh Năng Nhiêu"
Thành phố Huế,Thị xã Hương Trà,https://vi.wikipedia.org/wiki/H%C6%B0%C6%A1ng_Tr%C3%A0_(th%E1%BB%8B_x%C3%A3)#Giao_th%C3%B4ng,"CMT8, Lý Nhân Tông, Sông Bồ, Lý Bôn, Kim Trà, Lý Thần Tông, Tôn Thất Bách"
Thành phố Hà Nội,Huyện Ba Vì,https://vi.wikipedia.org/wiki/Ba_V%C3%AC_(huy%E1%BB%87n)#%C4%90%C6%B0%E1%BB%9Dng_ph%E1%BB%91,"Chùa Cao
Cống Ải
Đá Bạc
Đông Hưng
Gò Sóc
Phú Mỹ
Quảng Oai
Tây Đằng
Vân Trai
Vũ Lâm"
Thành phố Hà Nội,Huyện Chương Mỹ,https://vi.wikipedia.org/wiki/Ch%C6%B0%C6%A1ng_M%E1%BB%B9_(huy%E1%BB%87n)#%C4%90%C6%B0%E1%BB%9Dng_ph%E1%BB%91,"Biên Giang
Chùa Trầm
Chúc Sơn
Chương Đức
Đồng Dâu
Hòa Sơn
Ngọc Sơn
Ninh Kiều
Phượng Bãi
Yên Sơn"
Thành phố Hà Nội,Huyện Gia Lâm,https://vi.wikipedia.org/wiki/Gia_L%C3%A2m#%C4%90%C6%B0%E1%BB%9Dng_ph%E1%BB%91,"Bát Khối
Bát Tràng
Chính Trung
Cổ Bi
Cửu Việt
Đa Tốn
Đặng Công Chất
Đặng Phúc Thông
Đào Xuyên
Đình Xuyên
Đoàn Quang Dung
Dương Đức Hiền
Dương Hà
Dương Quang
Dương Xá
Gia Cốc
Giang Cao
Giáp Hải
Hà Huy Tập
Kiêu Kỵ
Kim Lan
Lệ Chi
Lý Thánh Tông
Ngô Xuân Quảng
Nguyễn Bình
Nguyễn Đức Thuận
Nguyễn Huy Nhuận
Nguyễn Huy Phan
Nguyễn Khiêm Ích
Nguyễn Mậu Tài
Nguyễn Quý Trị
Ninh Hiệp
Phan Đăng Lưu
Phù Đổng
Phú Thị
Sen Hồ
Thành Trung
Thiên Đức
Thuận An
Trâu Quỳ
Trung Hưng
Trung Mầu
Trung Thành
Ỷ Lan
Yên Thường"
Thành phố Hà Nội,Huyện Hoài Đức,NO,NO
Thành phố Hà Nội,Huyện Mê Linh,https://vi.wikipedia.org/wiki/M%C3%AA_Linh_(huy%E1%BB%87n)#%C4%90%C6%B0%E1%BB%9Dng_ph%E1%BB%91,"Bát Nàn
Chi Đông
Đại Thịnh
Hồ Đề
Lê Chân
Mê Linh
Ngô Miễn
Quang Minh
Võ Văn Kiệt"
Thành phố Hà Nội,Huyện Mỹ Đức,NO,NO
Thành phố Hà Nội,Huyện Phú Xuyên,NO,NO
Thành phố Hà Nội,Huyện Phúc Thọ,NO,NO
Thành phố Hà Nội,Huyện Quốc Oai,https://vi.wikipedia.org/wiki/Qu%E1%BB%91c_Oai_(huy%E1%BB%87n)#%C4%90%C6%B0%E1%BB%9Dng_ph%E1%BB%91,"17 tháng 8
Chùa Thầy
Đỗ Cảnh Thạc
Hoàng Xá
Phố Huyện
Kiều Phú
Phủ Quốc
Đường 419
Đường 421B
Đại lộ Thăng Long"
Thành phố Hà Nội,Huyện Sóc Sơn,https://vi.wikipedia.org/wiki/S%C3%B3c_S%C6%A1n_(huy%E1%BB%87n)#%C4%90%C6%B0%E1%BB%9Dng_ph%E1%BB%91,"Đa Phúc
Đền Sóc
Dược Hạ
Khuông Việt
Lưu Nhân Chú
Ngô Chi Lan
Nội Bài
Núi Đôi
Thân Nhân Trung
Trần Thị Bắc
Võ Nguyên Giáp
Võ Văn Kiệt"
Thành phố Hà Nội,Huyện Thanh Oai,NO,NO
Thành phố Hà Nội,Huyện Thanh Trì,https://vi.wikipedia.org/wiki/Thanh_Tr%C3%AC_(huy%E1%BB%87n)#%C4%90%C6%B0%E1%BB%9Dng_ph%E1%BB%91,"Cầu Bươu
Chiến Thắng
Cổ Điển
Đại Hưng
Đại Thanh
Đông Mỹ
Kim Giang
Nghiêm Xuân Yêm
Ngọc Hồi
Ngũ Hiệp
Nguyễn Bặc
Nguyễn Bồ
Nguyễn Quốc Trinh
Nguyễn Xiển
Phạm Tu
Phan Trọng Tuệ
Phương Dung
Quang Lai
Quang Liệt
Tả Thanh Oai
Tân Triều
Thanh Liệt
Triều Khúc
Tứ Hiệp
Tựu Liệt
Vĩnh Khang
Vĩnh Quỳnh
Vũ Lăng
Yên Xá"
Thành phố Hà Nội,Huyện Thường Tín,https://vi.wikipedia.org/wiki/Th%C6%B0%E1%BB%9Dng_T%C3%ADn_(huy%E1%BB%87n)#%C4%90%C6%B0%E1%BB%9Dng_ph%E1%BB%91,"Dương Chính
Dương Trực Nguyên
Hùng Nguyên
Lý Tử Tấn
Ngô Hoan
Nguyễn Phi Khanh
Nguyễn Vĩnh Tích
Phương Dung
Thượng Phúc
Trần Lư
Trần Trọng Liêu
Từ Giấy"
Thành phố Hà Nội,Huyện Thạch Thất,NO,NO
Thành phố Hà Nội,Huyện Đan Phượng,https://vi.wikipedia.org/wiki/%C4%90an_Ph%C6%B0%E1%BB%A3ng_(huy%E1%BB%87n)#C%C3%A1c_tuy%E1%BA%BFn_%C4%91%C6%B0%E1%BB%9Dng_ph%E1%BB%91,"Hồng Thái
Lý Phục Man
Ô Diên
Phùng
Phượng Trì
Song Phượng
Tân Hội
Tân Lập
Thụy Ứng
Văn Sơn
Vạn Xuân
Nguyễn Thái Học
Tây Sơn"
Thành phố Hà Nội,Huyện Đông Anh,https://vi.wikipedia.org/wiki/%C4%90%C3%B4ng_Anh_(huy%E1%BB%87n)#%C4%90%C6%B0%E1%BB%9Dng_ph%E1%BB%91,"Anh Dũng
Bắc Hồng
Bắc Thăng Long
Cao Lỗ
Cây Gạo Ba Đê
Cổ Loa
Đản Dị
Đào Cam Mộc
Đào Duy Tùng
Đông Hội
Dục Nội
Dục Tú
Ga Đông Anh
Gia Lương
Hải Bối
Hoàng Sa
Hùng Sơn
Kính Nỗ
Lâm Tiên
Lê Đình Thiệp
Lê Hữu Tựu
Liên Hà
Mê Linh
Nam Hồng
Nguyên Khê
Nguyễn Thực
Phúc Lộc
Phương Trạch
Tàm Xá
Thư Lâm
Thụy Lâm
Thụy Lôi
Trường Sa
Uy Nỗ
Vân Hà
Vân Nội
Vân Trì
Việt Hùng
Võ Nguyên Giáp
Võ Văn Kiệt
Xuân Canh
Yên Thường"
Thành phố Hà Nội,Huyện Ứng Hòa,NO,NO
Thành phố Hà Nội,Quận Ba Đình,https://vi.wikipedia.org/wiki/Ba_%C4%90%C3%ACnh_(qu%E1%BA%ADn)#%C4%90%C6%B0%E1%BB%9Dng_ph%E1%BB%91,"An Xá
Bà Huyện Thanh Quan
Bắc Sơn
Bưởi
Cao Bá Quát
Cầu Giấy
Châu Long
Chu Văn An
Chùa Một Cột
Cửa Bắc
Đào Tấn
Đặng Dung
Đặng Tất
Điện Biên Phủ
Độc Lập
Đốc Ngữ
Đội Cấn
Đội Nhân
Giang Văn Minh
Giảng Võ
Hàng Bún
Hàng Cháo
Hàng Đậu
Hàng Than
Hoàng Diệu
Hoàng Hoa Thám
Hoàng Văn Thụ
Hòe Nhai
Hồng Hà
Hồng Phúc
Hùng Vương
Huỳnh Thúc Kháng
Khúc Hạo
Kim Mã
Kim Mã Thượng
La Thành
Lạc Chính
Láng Hạ
Lê Duẩn
Lê Hồng Phong
Lê Trực
Liễu Giai
Linh Lang
Lý Nam Đế
Lý Văn Phức
Mạc Đĩnh Chi
Mai Anh Tuấn
Nam Cao
Nam Tràng
Nghĩa Dũng
Ngọc Hà
Ngọc Khánh
Ngũ Xã
Nguyễn Biểu
Nguyễn Cảnh Chân
Nguyễn Chí Thanh
Nguyễn Công Hoan
Nguyên Hồng
Nguyễn Khắc Hiếu
Nguyễn Khắc Nhu
Nguyễn Phạm Tuân
Nguyễn Thái Học
Nguyễn Thiếp
Nguyễn Tri Phương
Nguyễn Trung Trực
Nguyễn Trường Tộ
Nguyễn Văn Ngọc
Núi Trúc
Ông Ích Khiêm
Phạm Hồng Thái
Phạm Huy Thông
Phan Đình Phùng
Phan Huy Ích
Phan Kế Bính
Phó Đức Chính
Phúc Xá
Quần Ngựa
Quán Thánh
Sơn Tây
Tân Ấp
Thái Hà
Thanh Bảo
Thành Công
Thanh Niên
Tôn Thất Đàm
Tôn Thất Thiệp
Trần Huy Liệu
Trần Phú
Trần Tế Xương
Trấn Vũ
Trịnh Hoài Đức
Trúc Bạch
Vạn Bảo
Văn Cao
Vạn Phúc
Vĩnh Phúc
Yên Ninh
Yên Phụ
Yên Thế"
Thành phố Hà Nội,Quận Bắc Từ Liêm,https://vi.wikipedia.org/wiki/B%E1%BA%AFc_T%E1%BB%AB_Li%C3%AAm#%C4%90%C6%B0%E1%BB%9Dng_ph%E1%BB%91,"An Dương Vương
Cầu Diễn
Cầu Noi
Châu Đài
Chế Lan Viên
Chùa Bụt Mọc
Cổ Nhuế
Đại Cát
Đăm
Đặng Thùy Trâm
Đình Quán
Đỗ Nhuận
Đông Ba
Đông Kiều
Đông Ngạc
Đông Thắng
Đức Diễn
Đức Thắng
Dương Văn An
Hồ Tùng Mậu
Hoàng Công Chất
Hoàng Liên
Hoàng Minh Thảo
Hoàng Quốc Việt
Hoàng Tăng Bí
Kẻ Giàn
Kẻ Vẽ
Kiều Mai
Kỳ Vũ
Lê Văn Hiến
Liên Mạc
Lộc
Lưu Cơ
Mạc Xá
Minh Tảo
Ngọa Long
Nguyễn Đạo An
Nguyễn Đình Tứ
Nguyễn Duy Thì
Nguyễn Hoàng Tôn
Nguyên Xá
Nguyễn Xuân Khoát
Nhật Tảo
Nhổn
Phạm Tiến Duật
Phạm Tuấn Tài
Phạm Văn Đồng
Phan Bá Vành
Phú Diễn
Phú Kiều
Phú Minh
Phúc Đam
Phúc Diễn
Phúc Lý
Phúc Minh
Sùng Khang
Tân Dân
Tân Nhuệ
Tân Phong
Tân Xuân
Tây Đăm
Tây Tựu
Thanh Lâm
Thượng Cát
Thụy Phương
Tôn Quang Phiệt
Trần Cung
Trung Kiên
Trung Tựu
Tựu Phúc
Văn Hội
Văn Tiến Dũng
Văn Trì
Viên
Võ Quý Huân
Xuân Đỉnh
Xuân La
Xuân Phương
Xuân Tảo
Yên Nội"
Thành phố Hà Nội,Quận Cầu Giấy,https://vi.wikipedia.org/wiki/C%E1%BA%A7u_Gi%E1%BA%A5y_(qu%E1%BA%ADn)#%C4%90%C6%B0%E1%BB%9Dng_ph%E1%BB%91,"Bưởi
Cầu Giấy
Chùa Hà
Đặng Thùy Trâm
Dịch Vọng
Dịch Vọng Hậu
Đinh Núp
Đỗ Quang
Doãn Kế Thiện
Dương Đình Nghệ
Dương Khuê
Dương Quảng Hàm
Duy Tân
Đại lộ Thăng Long
Hạ Yên Quyết
Hồ Tùng Mậu
Hoa Bằng
Hoàng Đạo Thúy
Hoàng Minh Giám
Hoàng Ngân
Hoàng Quán Chi
Hoàng Quốc Việt
Hoàng Sâm
Khuất Duy Tiến
Khúc Thừa Dụ
Lạc Long Quân
Lê Đức Thọ
Lê Văn Lương
Lưu Quang Vũ
Mạc Thái Tổ
Mạc Thái Tông
Mai Dịch
Nghĩa Đô
Nghĩa Tân
Nguyễn Bá Khoản
Nguyễn Chánh
Nguyễn Đình Hoàn
Nguyễn Đỗ Cung
Nguyễn Khả Trạc
Nguyễn Khang
Nguyễn Khánh Toàn
Nguyễn Ngọc Vũ
Nguyễn Như Uyên
Nguyễn Phong Sắc
Nguyễn Quốc Trị
Nguyễn Thị Định
Nguyễn Thị Duệ
Nguyễn Thị Thập
Nguyễn Văn Huyên
Nguyễn Vĩnh Bảo
Nguyễn Xuân Linh
Nguyễn Xuân Nham
Phạm Hùng
Phạm Thận Duật
Phạm Tuấn Tài
Phạm Văn Bạch
Phạm Văn Đồng
Phan Văn Trường
Phùng Chí Kiên
Quan Hoa
Quan Nhân
Thâm Tâm
Thành Thái
Thọ Tháp
Tô Hiệu
Tôn Thất Thuyết
Trần Bình
Trần Cung
Trần Đăng Ninh
Trần Duy Hưng
Trần Kim Xuyến
Trần Quốc Hoàn
Trần Quốc Vượng
Trần Quý Kiên
Trần Thái Tông
Trần Tử Bình
Trần Vỹ
Trung Hòa
Trung Kính
Trương Công Giai
Tú Mỡ
Võ Chí Công
Vũ Phạm Hàm
Xuân Quỳnh
Xuân Tảo
Xuân Thủy
Yên Hòa"
Thành phố Hà Nội,Quận Hai Bà Trưng,https://vi.wikipedia.org/wiki/Hai_B%C3%A0_Tr%C6%B0ng_(qu%E1%BA%ADn)#%C4%90%C6%B0%E1%BB%9Dng_ph%E1%BB%91,"8-3
Bà Triệu
Bạch Đằng
Bạch Mai
Bùi Ngọc Dương
Bùi Thị Xuân
Cảm Hội
Cao Đạt
Chùa Quỳnh
Chùa Vua
Đại Cồ Việt
Đại La
Đỗ Hành
Đỗ Ngọc Du
Đoàn Trần Nghiệp
Đội Cung
Đống Mác
Đồng Nhân
Dương Văn Bé
Giải Phóng
Hàn Thuyên
Hàng Chuối
Hồ Xuân Hương
Hoa Lư
Hòa Mã
Hoàng Mai
Hồng Mai
Huế
Hương Viên
Kim Ngưu
Lạc Nghiệp
Lạc Trung
Lãng Yên
Lê Đại Hành
Lê Duẩn
Lê Gia Đỉnh
Lê Ngọc Hân
Lê Quý Đôn
Lê Thanh Nghị
Lê Văn Hưu
Liên Trì
Lò Đúc
Lương Yên
Mạc Thị Bưởi
Mai Hắc Đế
Minh Khai
Ngô Thì Nhậm
Nguyễn An Ninh
Nguyễn Bỉnh Khiêm
Nguyễn Cao
Nguyễn Công Trứ
Nguyễn Đình Chiểu
Nguyễn Du
Nguyễn Gia Thiều
Nguyễn Hiền
Nguyễn Huy Tự
Nguyễn Khoái
Nguyễn Quyền
Nguyễn Thượng Hiền
Nguyễn Trung Ngạn
Nguyễn Văn Viên
Phạm Đình Hổ
Phan Huy Chú
Phù Đổng Thiên Vương
Phùng Khắc Khoan
Quang Trung
Quỳnh Lôi
Quỳnh Mai
Tạ Quang Bửu
Tam Trinh
Tăng Bạt Hổ
Tây Kết
Thái Phiên
Thanh Nhàn
Thể Giao
Thi Sách
Thiền Quang
Thịnh Yên
Thọ Lão
Tô Hiến Thành
Trần Bình Trọng
Trần Cao Vân
Trần Đại Nghĩa
Trần Hưng Đạo
Trần Khánh Dư
Trần Khát Chân
Trần Nhân Tông
Trần Thánh Tông
Trần Xuân Soạn
Triệu Việt Vương
Trương Định
Tuệ Tĩnh
Tương Mai
Vân Đồn
Vạn Kiếp
Vĩnh Tuy
Võ Thị Sáu
Vọng
Vũ Hữu Lợi
Yên Bái
Yên Lạc
Yec Xanh
Yết Kiêu"
Thành phố Hà Nội,Quận Hoàn Kiếm,https://vi.wikipedia.org/wiki/Ho%C3%A0n_Ki%E1%BA%BFm_(qu%E1%BA%ADn)#%C4%90%C6%B0%E1%BB%9Dng_ph%E1%BB%91,"19-12
Ấu Triệu
Bà Triệu
Bạch Đằng
Bảo Khánh
Bảo Linh
Bát Đàn
Bát Sứ
Cao Thắng
Cầu Đất
Cầu Đông
Cầu Gỗ
Chả Cá
Chân Cầm
Chợ Gạo
Chương Dương Độ
Cổ Tân
Cổng Đục
Cửa Đông
Cửa Nam
Dã Tượng
Đặng Thái Thân
Đào Duy Từ
Điện Biên Phủ
Đinh Công Tráng
Đinh Lễ
Đinh Liệt
Đình Ngang
Đinh Tiên Hoàng
Đoàn Nhữ Hài
Đông Thái
Đồng Xuân
Đường Thành
Gầm Cầu
Gia Ngữ
Hà Trung
Hạ Hồi
Hai Bà Trưng
Hàm Long
Hàm Tử Quan
Hàn Thuyên
Hàng Bạc
Hàng Bài
Hàng Bè
Hàng Bồ
Hàng Bông
Hàng Buồm
Hàng Bút
Hàng Cá
Hàng Cân
Hàng Chai
Hàng Chiếu
Hàng Chĩnh
Hàng Cót
Hàng Da
Hàng Đào
Hàng Đậu
Hàng Điếu
Hàng Đồng
Hàng Đường
Hàng Gà
Hàng Gai
Hàng Giầy
Hàng Giấy
Hàng Hòm
Hàng Khay
Hàng Khoai
Hàng Lược
Hàng Mã

Hàng Mắm
Hàng Mành
Hàng Muối
Hàng Ngang
Hàng Nón
Hàng Phèn
Hàng Quạt
Hàng Rươi
Hàng Thiếc
Hàng Thùng
Hàng Tre
Hàng Trống
Hàng Vải
Hàng Vôi
Hồ Hoàn Kiếm
Hỏa Lò
Hồng Hà
Huế
Lãn Ông
Lê Duẩn
Lê Lai
Lê Phụng Hiểu
Lê Thạch
Lê Thái Tổ
Lê Thánh Tông
Lê Văn Hưu
Lê Văn Linh
Liên Trì
Lò Rèn
Lò Sũ[6]
Lương Ngọc Quyến
Lương Văn Can
Lý Đạo Thành
Lý Nam Đế

Lý Quốc Sư
Lý Thái Tổ
Lý Thường Kiệt
Mã Mây
Nam Ngư
Ngõ Gạch
Ngô Quyền
Ngô Thì Nhậm
Ngõ Trạm
Ngô Văn Sở
Nguyễn Chế Nghĩa
Nguyễn Du
Nguyễn Gia Thiều
Nguyễn Hữu Huân
Nguyễn Khắc Cần
Nguyên Khiết
Nguyễn Quang Bích
Nguyễn Siêu
Nguyễn Thái Học
Nguyễn Thiện Thuật
Nguyễn Thiếp
Nguyễn Tư Giản
Nguyễn Văn Tố
Nguyễn Xí
Nhà Chung
Nhà Hỏa
Nhà Thờ
Ô Quan Chưởng
Phạm Ngũ Lão
Phạm Sư Mạnh
Phan Bội Châu
Phan Chu Trinh
Phan Đình Phùng
Phan Huy Chú
Phủ Doãn
Phúc Tân
Phùng Hưng
Quán Sứ
Quang Trung
Tạ Hiện
Thanh Hà
Thanh Yên
Thợ Nhuộm
Thuốc Bắc
Tố Tịch
Tôn Thất Thiệp
Tông Đản
Tống Duy Tân
Trần Bình Trọng
Trần Hưng Đạo
Trần Khánh Dư
Trần Nguyên Hãn
Trần Nhật Duật
Trần Phú
Trần Quang Khải
Trần Quốc Toản
Tràng Thi
Tràng Tiền
Triệu Quốc Đạt
Trương Hán Siêu
Vạn Kiếp
Vọng Đức
Vọng Hà
Yên Thái
Yết Kiêu"
Thành phố Hà Nội,Quận Hoàng Mai,https://vi.wikipedia.org/wiki/Ho%C3%A0ng_Mai_(qu%E1%BA%ADn)#%C4%90%C6%B0%E1%BB%9Dng_ph%E1%BB%91,"Bằng Liệt
Bùi Huy Bích
Bùi Quốc Khái
Bùi Xương Trạch
Dương Văn Bé
Đại Từ
Đạm Phương
Đặng Trần Đức
Đặng Xuân Bảng
Định Công
Định Công Hạ
Định Công Thượng
Đỗ Mười
Đống Kỳ
Đông Thiên
Giải Phóng
Giáp Bát
Giáp Nhị
Hà Kế Tấn
Hoàng Liệt
Hoàng Mai
Hồng Quang
Hưng Phúc
Hưng Thịnh
Khuyến Lương
Kim Đồng
Kim Giang
Linh Đàm
Linh Đường
Lĩnh Nam
Lương Khánh Thiện
Mai Động
Minh Khai
Nam Dư
Nam Sơn
Nghiêm Xuân Yêm
Ngọc Hồi
Ngũ Nhạc
Nguyễn An Ninh
Nguyễn Cảnh Dị
Nguyễn Chính
Nguyễn Công Thái
Nguyễn Đức Cảnh
Nguyễn Duy Trinh
Nguyễn Hữu Thọ
Nguyễn Khoái
Nguyễn Phan Chánh
Nguyễn Xiển
Phạm Tu
Quang Liệt
Sở Thượng
Tam Trinh
Tân Khai
Tân Mai
Tây Trà
Thanh Đàm
Thanh Lân
Thịnh Liệt
Thúy Lĩnh
Trần Điền
Trần Hòa
Trần Nguyên Đán
Trần Thủ Độ
Trịnh Đình Cửu
Trương Định
Tương Mai
Văn Tân
Vĩnh Hưng
Vũ Tông Phan
Yên Duyên
Yên Sở"
Thành phố Hà Nội,Quận Hà Đông,https://vi.wikipedia.org/wiki/H%C3%A0_%C4%90%C3%B4ng#%C4%90%C6%B0%E1%BB%9Dng_ph%E1%BB%91,"19-5
An Hòa
Ao Sen
Ba La
Bà Triệu
Bắc Lãm
Bạch Thái Bưởi
Bế Văn Đàn
Biên Giang
Bùi Bằng Đoàn
Cao Thắng
Cầu Am
Cầu Đơ
Chiến Thắng
Chu Văn An
Chùa Tổng
Cù Chính Lan
Cửa Quán
Đa Sĩ
Đại An
Đại Mỗ
Đinh Tiên Hoàng
Đồng Dâu
Động Lãm
Dương Lâm
Dương Nội
Hà Cầu
Hà Trì
Hạnh Hoa
Hồ Học Lãm
Hoàng Công
Hoàng Diệu
Hoàng Đôn Hòa
Hoàng Hoa Thám
Hoàng Trình Thanh
Hoàng Tùng
Hoàng Văn Thụ
Hữu Hưng
Huyền Kỳ
Huỳnh Thúc Kháng
La Dương
La Nội
Lê Hồng Phong
Lê Hữu Trác
Lê Lai
Lê Lợi
Lê Quý Đôn
Lê Trọng Tấn
Lụa
Lương Ngọc Quyến
Lương Văn Can
Lý Thường Kiệt
Lý Tự Trọng
Mậu Lương
Minh Khai
Mộ Lao
Nghĩa Lộ
Ngô Đình Mẫn
Ngô Gia Khảm
Ngô Gia Tự
Ngô Quyền
Ngô Thì Nhậm
Ngô Thì Sĩ
Nguyễn Công Trứ
Nguyễn Du
Nguyễn Khuyến
Nguyễn Sơn Hà
Nguyễn Thái Học
Nguyễn Thanh Bình
Nguyễn Thị Minh Khai
Nguyễn Thượng Hiền
Nguyễn Trác
Nguyễn Trãi
Nguyễn Trực
Nguyễn Văn Lộc
Nguyễn Văn Luyện
Nguyễn Văn Trỗi
Nguyễn Viết Xuân
Nhân Trạch
Nhuệ Giang
Nông Quốc Chấn
Phan Bội Châu
Phan Chu Trinh
Phan Đình Giót
Phan Đình Phùng
Phan Huy Chú
Phan Kế Toại
Phú La
Phú Lương
Phúc La
Phùng Hưng
Phượng Bãi
Quang Lãm
Quang Trung
Quyết Thắng
Tản Đà
Tây Sơn
Thanh Bình
Thành Công
Thanh Lãm
Thượng Mạo
Tiểu Công Nghệ
Tô Hiến Thành
Tô Hiệu
Tố Hữu
Tống Tất Thắng
Trần Hưng Đạo
Trần Nhật Duật
Trần Phú
Trần Văn Chuông
Trinh Lương
Trưng Nhị
Trưng Trắc
Trương Công Định
Văn Khê
Văn La
Văn Nội
Văn Phú
Vạn Phúc
Văn Phúc
Văn Quán
Văn Yên
Võ Thị Sáu
Vũ Trọng Khánh
Vũ Văn Cẩn
Xa La
Xốm
Ỷ La
Yên Bình
Yên Lộ
Yên Phúc
Yết Kiêu"
Thành phố Hà Nội,Quận Long Biên,https://vi.wikipedia.org/wiki/Long_Bi%C3%AAn#%C4%90%C6%B0%E1%BB%9Dng_ph%E1%BB%91,"Ái Mộ
Bắc Cầu
Bát Khối
Bồ Đề
Bùi Thiện Ngộ
Cầu Bây
Chu Huy Mân
Cổ Linh
Cự Khối
Đàm Quang Trung
Đặng Vũ Hỷ
Đào Đình Luyện
Đào Hinh
Đào Thế Tuấn
Đào Văn Tập
Đinh Đức Thiện
Đê Vàng
Đoàn Khuê
Đoàn Văn Minh
Đồng Dinh
Đồng Thanh
Đức Giang
Gia Quất
Gia Thượng
Gia Thụy
Giang Biên
Giáp Hải
Hạ Trại
Hà Văn Chúc
Hoa Động
Hoa Lâm
Hoàng Minh Đạo
Hoàng Như Tiếp
Hoàng Thế Thiện
Hội Xá
Hồng Tiến
Huỳnh Tấn Phát
Huỳnh Văn Nghệ
Kẻ Tạnh
Kim Quan
Kim Quan Thượng
Lâm Du
Lâm Hạ
Lệ Mật
Long Biên 1
Long Biên 2
Long Biên - Xuân Quan
Lưu Khánh Đàm
Lý Sơn
Mai Chí Thọ
Mai Phúc
Nam Đuống
Ngô Gia Khảm
Ngô Gia Tự
Ngô Huy Quỳnh
Ngô Viết Thụ
Ngọc Lâm
Ngọc Thụy
Ngọc Trì
Nguyễn Cao Luyện
Nguyễn Đức Thuận
Nguyễn Gia Bồng
Nguyễn Khắc Viện
Nguyễn Lam
Nguyễn Minh Châu
Nguyễn Ngọc Chân
Nguyễn Sơn
Nguyễn Thời Trung
Nguyễn Văn Cừ
Nguyễn Văn Hưởng
Nguyễn Văn Linh
Nguyễn Văn Ninh
Nông Vụ
Ô Cách
Phạm Khắc Quảng
Phan Văn Đáng
Phú Hựu
Phú Viên
Phúc Lợi
Quán Tình
Sài Đồng
Tạ Đông Trung
Tân Thụy
Thạch Bàn
Thạch Cầu
Thanh Am
Thép Mới
Thượng Thanh
Tình Quang
Trạm
Trần Đăng Khoa
Trần Danh Tuyên
Trần Văn Trà
Trịnh Tố Tâm
Trường Lâm
Tư Đình
Vạn Hạnh
Việt Hưng
Vo Trung
Vũ Đình Tụng
Vũ Đức Thận
Vũ Xuân Thiều
Xuân Đỗ
Xuân Khôi"
Thành phố Hà Nội,Quận Nam Từ Liêm,https://vi.wikipedia.org/wiki/Nam_T%E1%BB%AB_Li%C3%AAm#%C4%90%C6%B0%E1%BB%9Dng_ph%E1%BB%91,"Bùi Xuân Phái
Cao Xuân Huy
Cầu Cốc
Châu Văn Liêm
Cương Kiên
Đại lộ Thăng Long
Do Nha
Đại Linh
Đại Mỗ
Đình Thôn
Đỗ Đình Thiện
Đỗ Đức Dục
Đỗ Xuân Hợp
Đồng Me
Đồng Sợi
Dương Đình Nghệ
Dương Khuê
Duy Tân
Hàm Nghi
Hồ Tùng Mậu
Hoài Thanh
Hoàng Trọng Mậu
Hòe Thị
Hồng Đô
Hữu Hưng
Huy Du
Lê Đức Thọ
Lê Quang Đạo
Lương Thế Vinh
Lưu Hữu Phước
Mạc Thái Tổ
Mạc Thái Tông
Mễ Trì
Mễ Trì Hạ
Mễ Trì Thượng
Miếu Đầm
Miêu Nha
Mỹ Đình
Ngọc Trục
Nguyễn Cơ Thạch
Nguyễn Đổng Chi
Nguyễn Hoàng
Nguyễn Quốc Trị
Nguyễn Trãi
Nguyễn Văn Giáp
Nguyễn Văn Luyện
Nguyễn Xuân Nguyên
Nhổn
Phạm Hùng
Phú Đô
Phú Mỹ
Phúc Diễn
Phùng Khoang
Phương Canh
Quang Tiến
Sa Đôi
Tân Mỹ
Tây Mỗ
Thanh Bình
Thị Cấm
Thiên Hiền
Tố Hữu
Tôn Thất Thuyết
Trần Bình
Trần Hữu Dực
Trần Văn Cẩn
Trần Văn Lai
Trịnh Văn Bô
Trung Thư
Trung Văn
Tu Hoàng
Tú Mỡ
Vũ Hữu
Vũ Quỳnh
Vũ Trọng Khánh
Xuân Phương"
Thành phố Hà Nội,Quận Thanh Xuân,https://vi.wikipedia.org/wiki/Thanh_Xu%C3%A2n_(qu%E1%BA%ADn)#%C4%90%C6%B0%E1%BB%9Dng_ph%E1%BB%91,"Bùi Xương Trạch
Chính Kinh
Cù Chính Lan
Cự Lộc
Định Công
Giải Phóng
Giáp Nhất
Hạ Đình
Hà Kế Tấn
Hoàng Đạo Thành
Hoàng Đạo Thúy
Hoàng Minh Giám
Hoàng Ngân
Hoàng Văn Thái
Khuất Duy Tiến
Khương Đình
Khương Hạ
Khương Trung
Kim Giang
Lê Trọng Tấn
Lê Văn Lương
Lê Văn Thiêm
Lương Thế Vinh
Ngụy Như Kon Tum
Nguyễn Huy Tưởng
Nguyễn Lân
Nguyễn Ngọc Nại
Nguyễn Quý Đức
Nguyễn Thị Định
Nguyễn Thị Thập
Nguyễn Trãi
Nguyễn Tuân
Nguyễn Văn Trỗi
Nguyễn Viết Xuân
Nguyễn Xiển
Nguyễn Xuân Linh
Nhân Hòa
Phan Đình Giót
Phương Liệt
Quan Nhân
Thượng Đình
Tố Hữu
Tô Vĩnh Diện
Trần Điền
Triều Khúc
Trịnh Đình Cửu
Trường Chinh
Vọng
Vũ Hữu
Vũ Tông Phan
Vũ Trọng Phụng
Vương Thừa Vũ"
Thành phố Hà Nội,Quận Tây Hồ,https://vi.wikipedia.org/wiki/T%C3%A2y_H%E1%BB%93_(qu%E1%BA%ADn)#%C4%90%C6%B0%E1%BB%9Dng_ph%E1%BB%91,"An Dương
An Dương Vương
Âu Cơ
Bùi Trang Chước
Đặng Thai Mai
Đồng Cổ
Gia Vĩnh
Hoàng Hoa Thám
Hoàng Minh Thảo
Hồng Hà
Hùng Vương
Lạc Long Quân
Mai Xuân Thưởng
Nghi Tàm
Nguyễn Đình Thi
Nguyễn Hoàng Tôn
Nhật Chiêu
Phan Đình Phùng
Phú Gia
Phú Thượng
Phú Xá
Phúc Hoa
Quảng An
Quảng Bá
Quảng Khánh
Tam Đa
Tây Hồ
Thanh Niên
Thượng Thụy
Thụy Khuê
Tô Ngọc Vân
Trích Sài
Trịnh Công Sơn
Từ Hoa
Tứ Liên
Văn Cao
Vệ Hồ
Võ Chí Công
Võng Thị
Vũ Miên
Vũ Tuấn Chiêu
Xuân Diệu
Xuân La
Xuân Tảo
Yên Hoa
Yên Phụ lớn
Yên Phụ nhỏ"
Thành phố Hà Nội,Quận Đống Đa,https://vi.wikipedia.org/wiki/%C4%90%E1%BB%91ng_%C4%90a_(qu%E1%BA%ADn)#Giao_th%C3%B4ng,"An Trạch
Bích Câu
Cát Linh
Cầu Giấy
Cầu Mới
Chợ Khâm Thiên
Chùa Bộc
Chùa Láng
Đặng Tiến Đông
Đặng Trần Côn
Đặng Văn Ngữ
Đào Duy Anh
Đê La Thành
Đoàn Thị Điểm
Đông Các
Đông Tác
Giải Phóng
Giảng Võ
Hàng Cháo
Hào Nam
Hồ Đắc Di
Hồ Giám
Hồ Văn Chương
Hoàng Cầu
Hoàng Ngọc Phách
Hoàng Tích Trí
Huỳnh Thúc Kháng
Khâm Thiên
Khương Thượng
Kim Hoa
La Thành
Láng
Láng Hạ
Lê Duẩn
Lương Định Của
Lý Văn Phức
Mai Anh Tuấn
Nam Đồng
Ngô Sĩ Liên
Ngô Tất Tố
Nguyễn Chí Thanh
Nguyên Hồng
Nguyễn Hy Quang
Nguyễn Khuyến
Nguyễn Lương Bằng
Nguyễn Ngọc Doãn
Nguyễn Như Đổ
Nguyễn Phúc Lai
Nguyễn Thái Học
Nguyễn Trãi
Nguyễn Văn Tuyết
Ô Chợ Dừa
Ô Đồng Lầm
Phạm Ngọc Thạch
Phan Phù Tiên
Phan Văn Trị
Pháo Đài Láng
Phương Mai
Quốc Tử Giám
Tam Khương
Tây Sơn
Thái Hà
Thái Thịnh
Tôn Đức Thắng
Tôn Thất Tùng
Trần Hữu Tước
Trần Quang Diệu
Trần Quý Cáp
Trịnh Hoài Đức
Trúc Khê
Trung Liệt
Trung Phụng
Trường Chinh
Văn Miếu
Vĩnh Hồ
Võ Văn Dũng
Vọng
Vũ Ngọc Phan
Vũ Thạnh
Xã Đàn
Y Miếu
Yên Lãng"
Thành phố Hà Nội,Thị xã Sơn Tây,NO,NO
Thành phố Hải Phòng,Huyện An Lão,NO,NO
Thành phố Hải Phòng,Huyện Kiến Thụy,https://vi.wikipedia.org/wiki/Ki%E1%BA%BFn_Th%E1%BB%A5y_(huy%E1%BB%87n)#Giao_th%C3%B4ng,"TL361, TL362, TL363, ĐH403, ĐH404, ĐH405"
Thành phố Hải Phòng,Huyện Tiên Lãng,https://vi.wikipedia.org/wiki/Ti%C3%AAn_L%C3%A3ng_(huy%E1%BB%87n)#%C4%90%C6%B0%E1%BB%9Dng_ph%E1%BB%91,"Bến Vua
Cựu Đôi
Đào Linh Quang
Đông Cầu
Minh Đức
Nguyễn Văn Sơ
Nhữ Văn Lan
Phạm Đình Nguyên
Phạm Ngọc Đa
Phú Kê
Triều Đông
Trung Lăng"
Thành phố Hải Phòng,Huyện Vĩnh Bảo,https://vi.wikipedia.org/wiki/V%C4%A9nh_B%E1%BA%A3o_(huy%E1%BB%87n)#%C4%90%C6%B0%E1%BB%9Dng_ph%E1%BB%91,"18 tháng 3
20 tháng 8
Nguyễn Bỉnh Khiêm"
Thành phố Hải Phòng,Quận An Dương,https://vi.wikipedia.org/wiki/An_D%C6%B0%C6%A1ng_(qu%E1%BA%ADn)#%C4%90%C6%B0%E1%BB%9Dng_ph%E1%BB%91,"Cống Mỹ
Đống Hương
Hà Nội
Hùng Vương
Nguyễn Trường Tộ
Phan Đăng Lưu
Trương Văn Lực"
Thành phố Hải Phòng,Quận Dương Kinh,https://vi.wikipedia.org/wiki/D%C6%B0%C6%A1ng_Kinh_(qu%E1%BA%ADn)#%C4%90%C6%B0%E1%BB%9Dng_ph%E1%BB%91,"An Lập
An Toàn
Anh Dũng
Bùi Phổ
Chân Kim
Chợ Hương
Đa Phúc
Dã Tượng
Đại Thắng
Hải Châu
Hải Hòa
Hải Kỳ
Hải Lâm
Hải Long
Hải Phong
Hải Phương
Hải Thành
Hải Thụy
Hải Tiến
Hải Vĩnh
Hòa Nghĩa
Hoàng Thuyên
Hợp Hòa
Lưu Trọng Lư
Mạc Đăng Doanh
Mạc Phúc Tư
Mạc Quyết
Nghĩa Thành
Nguyễn Bính
Nguyễn Nhân Khiêm
Nguyễn Như Quế
Phạm Gia Mô
Phạm Hải
Phạm Văn Đồng
Phấn Dũng
Phú Hải
Phúc Hải
Phúc Lộc
Phương Lung
Quảng Luận
Quảng Nam
Sông He
Tân Đức
Tân Hà
Tân Hải
Tân Hợp
Tân Lập
Tân Minh
Tân Nghĩa
Tân Ngọc
Tân Sơn
Tân Thành
Tân Tiến
Tảo Lệ
Thành Đức
Thế Nhân
Thủy Giang
Tiểu Trà
Tĩnh Hải
Trà Khê
Trần Bá Lương
Trần Minh Thắng
Trần Quốc Thi
Trung Hiếu
Trung Thành
Tư Thủy
Vân Quan
Vọng Hải
Vũ Hộ
Vũ Thị Ngọc Toàn
Xuân Diệu"
Thành phố Hải Phòng,Quận Hải An,https://vi.wikipedia.org/wiki/H%E1%BA%A3i_An_(qu%E1%BA%ADn)#%C4%90%C6%B0%E1%BB%9Dng_ph%E1%BB%91,"7 tháng 3
An Khê
An Kim Hải
An Trung
Bắc Trung Hành
Bạch Thái Bưởi
Bảo Phúc
Bến Láng
Bình Kiều
Bùi Thị Từ Nhiên
Bùi Viện
Cát Bi
Cát Khê
Cát Linh
Cát Vũ
Chợ Lũng
Chùa Vẽ
Cống Đen
Đà Nẵng
Đằng Hải
Đặng Kinh
Đình Vũ
Đoàn Chuẩn
Đoạn Xá
Đông An
Đông Hải
Đông Mỹ
Đông Phong
Đông Trung Hành
Hạ Đoạn
Hạ Lũng
Hàng Tổng
Hào Khê
Hoàng Thế Thiện
Kiều Hạ
Kiều Sơn
Lê Đức Thịnh
Lê Hồng Phong
Lũng Bắc
Lũng Đông
Lương Khê
Lý Hồng Nhật
Mạc Đình Phúc
Mạc Thái Tổ
Mai Trung Thứ
Nam Hải
Nam Hải Đông
Nam Hòa
Nam Hùng
Nam Hưng
Nam Phong
Nam Thành
Nam Trung Hành
Ngô Gia Tự
Ngô Hùng
Nguyễn Bỉnh Khiêm
Nguyễn Đồn
Nguyễn Khoa Dục
Nguyễn Lân
Nguyễn Thị Thuận
Nguyễn Thiếp
Nguyễn Văn Hới
Nhà Mạc
Nhà Thờ Xâm Bồ
Phú Lương
Phủ Thượng Đoạn
Phú Xá
Phương Lưu
Tân Vũ
Tây Khê
Tây Trung Hành
Thành Tô
Thống Nhất
Thư Trung
Tiền Phong
Tô Vũ
Trần Đông
Trần Hoàn
Trần Văn Giang
Trần Văn Lan
Tràng Cát
Trung Hành
Trung Lực
Từ Lương Xâm
Văn Cao
Vĩnh Lưu
Vườn Hồng"
Thành phố Hải Phòng,Quận Hồng Bàng,https://vi.wikipedia.org/wiki/H%E1%BB%93ng_B%C3%A0ng_(qu%E1%BA%ADn)#%C4%90%C6%B0%E1%BB%9Dng_ph%E1%BB%91,"An Chân
An Lạc
An Trực
Bạch Đằng
Bãi Sậy
Bến Bính
Cam Lộ
Cao Sơn
Cao Thắng
Chương Dương
Cống Mỹ
Cử Bình
Cù Chính Lan
Đào Đô
Dầu Lửa
Điện Biên Phủ
Đình Hạ
Đinh Tiên Hoàng
Do Nha
Đốc Tít
Đội Văn
Đống Hương
Hạ Lý
Hà Nội
Hàm Nghi
Hồ Xuân Hương
Hoàng Diệu
Hoàng Văn Thụ
Hồng Bàng
Hùng Duệ Vương
Hùng Vương
Ký Con
Kỳ Đồng
Lãn Ông
Lê Đại Hành
Lệnh Bá Chính Trọng
Lý Thường Kiệt
Lý Tự Trọng
Minh Khai
Nguyễn Hồng Quân
Nguyễn Thái Học
Nguyễn Tri Phương
Nguyễn Trung Thành
Nguyễn Văn Túy
Núi Voi
Phạm Hồng Thái
Phạm Phú Thứ
Phan Bội Châu
Phan Chu Trinh
Phan Đăng Lưu
Phan Đình Phùng
Quang Đàm
Quang Trung
Quý Minh
Tam Bạc
Tán Thuật
Tản Viên
Thanh Niên
Thất Khê
Thế Lữ
Tiến Đức
Tôn Đức Thắng
Tôn Thất Thuyết
Tông Đản
Trại Sơn
Trần Hưng Đạo
Trần Phú
Trần Quang Khải
Trạng Trình
Trương Văn Lực
Vạn Kiếp"
Thành phố Hải Phòng,Quận Kiến An,https://vi.wikipedia.org/wiki/Ki%E1%BA%BFn_An_(qu%E1%BA%ADn)#%C4%90%C6%B0%E1%BB%9Dng_ph%E1%BB%91,"An Viên
Bắc Sơn
Bạch Mã
Bùi Mộng Hoa
Bùi Viện
Cao Toàn
Chiêu Chinh
Cựu Viên
Đất Đỏ
Đẩu Phượng
Đẩu Vũ
Đoàn Kết
Đông Chấn
Đồng Hòa
Đồng Lập
Đồng Quy
Đông Sơn
Đồng Tâm
Hạnh Phúc
Hòa Bình
Hoa Khê
Hoàng Công Khanh
Hoàng Quốc Việt
Hoàng Thiết Tâm
Hồng Phúc
Hương Sơn
Kha Lâm
Khúc Lập
Khúc Trì
Lãm Hà
Lãm Khê
Lê Đại Thanh
Lê Duẩn
Lê Khắc Cần
Lê Quốc Uy
Lệ Tảo
Lưu Úc
Mạc Đĩnh Chi
Mạc Kinh Điển
Mạc Thiên Phúc
Máy Xay
Mỹ Thịnh
Nam Hà
Nguyễn Công Mỹ
Nguyễn Lương Bằng
Nguyễn Mẫn
Nguyễn Thiện Lộc
Nguyễn Xiển
Nhi Viên
Phan Đăng Lưu
Phan Trứ
Phù Lưu
Phùng Thị Trinh
Phương Khê
Quán Trữ
Quảng Trường
Quý Minh
Quy Túc
Quyết Tiến
Tân Hà
Tây Hà
Tây Sơn
Thanh Long
Thống Trực
Tô Phong
Trần Bích
Trần Kiên
Trần Nhân Tông
Trần Nhội
Trần Phương
Trần Tất Văn
Trần Thành Ngọ
Trần Văn Cẩn
Trang Đồng Tử
Trữ Khê
Trung Tâm
Trường Chinh
Trương Đồng Tử
Ưu Úc
Việt Đức
Vụ Sơn
Vườn Chay
Xuân Biều"
Thành phố Hải Phòng,Quận Lê Chân,https://vi.wikipedia.org/wiki/L%C3%AA_Ch%C3%A2n_(qu%E1%BA%ADn)#Giao_th%C3%B4ng,"An Dương
An Kim Hải
Bùi Viện
Cát Cụt
Cầu Cáp
Cầu Đất
Cầu Niệm
Chợ Con
Chợ Đôn
Chợ Hàng
Chùa Hàng
Công Nhân
Dân Lập
Đặng Ma La
Đào Nhuận
Đình Đông
Đinh Nhu
Đoàn Kết
Đồng Thiện
Đông Trà
Dư Hàng
Dương Đình Nghệ
Hai Bà Trưng
Hải Đăng
Hàng Kênh
Hào Khê
Hồ Sen
Hoàng Minh Thảo
Hoàng Ngọc Phách
Hoàng Quý
Kênh Dương
Khúc Hạo
Khúc Thừa Dụ
Kỳ Phú
Lam Sơn
Lâm Tường
Lán Bè
Lê Chân
Lê Văn Thuyết
Lý Thành Long
Mê Linh
Miếu Hai Xã
Mương Hồ Sen
Ngô Kim Húc
Ngô Kim Tài
Ngọc Trai
Nguyễn Bình
Nguyễn Công Hòa
Nguyễn Đức Cảnh
Nguyễn Tất Tố
Nguyễn Tường Loan
Nguyễn Văn Linh
Nhà Thờ
Nhà Thương
Phạm Hữu Điều
Phạm Huy Thông
Phạm Tử Nghi
Quán Nam
Tam Bạc
Thích Trí Hải
Thiên Lôi
Tô Hiệu
Tôn Đức Thắng
Trại Lẻ
Trần Nguyên Hãn
Trần Phú
Trực Cát
Vĩnh Cát
Vĩnh Tiến
Võ Nguyên Giáp
Vòng Hồ Sen
Vũ Chí Thắng"
Thành phố Hải Phòng,Quận Ngô Quyền,https://vi.wikipedia.org/wiki/Ng%C3%B4_Quy%E1%BB%81n_(qu%E1%BA%ADn)#%C4%90%C6%B0%E1%BB%9Dng_ph%E1%BB%91,"An Đà
An Khê
An Kim Hải
Bạch Thái Bưởi
Bùi Viện
Bùi Xuân Hoài
Phố Cấm
Cầu Đất
Chu Văn An
Đình Đông
Đỗ Chính
Đỗ Nhuận
Đoạn Xá
Đông Khê
Hai Bà Trưng
Hào Khê
Hoàng Hữu Nhân
Hoàng Mậu
Hoàng Minh Giám
Kỳ Phú
Lạch Tray
Lê Chân
Lê Hồng Phong
Lê Lai
Lê Lợi
Lê Quang Đạo
Lê Quỳnh
Lê Thánh Tông
Lương Khánh Thiện
Lý Thành Long
Nam Cao
Nam Sơn
Ngô Quyền
Ngô Tất Tố
Nguyễn Bình
Nguyễn Bỉnh Khiêm
Nguyễn Công Hoan
Nguyễn Đình Chiểu
Nguyễn Hải Thanh
Nguyễn Hữu Tuệ
Nguyễn Huy Tưởng
Nguyễn Khuyến
Nguyễn Trãi
Nguyễn Văn Linh
Nguyễn Xuân Nguyên
Phùng Chí Kiên
Phụng Pháp
Thái Phiên
Thanh Niên
Thiên Lôi
Tiên Nga
Tô Hiệu
Trần Nhật Duật
Trần Phú
Văn Cao
Vạn Mỹ
Võ Thị Sáu
Vũ Trọng Khánh"
Thành phố Hải Phòng,Quận Đồ Sơn,https://vi.wikipedia.org/wiki/%C4%90%E1%BB%93_S%C6%A1n_(qu%E1%BA%ADn)#%C4%90%C6%B0%E1%BB%9Dng_ph%E1%BB%91,"Ấp Bắc
Bà Đế
Bàng Đông
Bàng La
Biên Hòa
Bình Minh
Đại Bàng
Đại Phong
Đại Thắng
Đình Đoài
Độc Lập
Đức Hậu
Đức Thắng
Hiếu Tử
Hoàng Kim Giao
Hoàng Thị Nghị
Long Khánh
Lý Thái Tổ
Lý Thánh Tông
Minh Tiến
Nghĩa Phương
Nguyễn Hữu Cầu
Nguyễn Quang Khuê
Nguyễn Văn Thức
Phạm Ngọc
Phạm Văn Đồng
Quý Kim
Sơn Hải
Suối Chẽ
Suối Rồng
Tân Hòa Hợp
Thanh Niên
Thung Lũng Xanh
Thượng Đức
Trung Hòa
Trung Nghĩa
Vạn Hoa
Vạn Hương
Vạn Lê
Vạn Sơn
Vinh Quang
Vũ Đình Can
Xóm Chẽ"
Thành phố Hải Phòng,Thành phố Thủy Nguyên,https://vi.wikipedia.org/wiki/Th%E1%BB%A7y_Nguy%C3%AAn_(th%C3%A0nh_ph%E1%BB%91)#Giao_th%C3%B4ng,"25 tháng 10
Bạch Đằng
Đà Nẵng
Đỗ Mười
Phạm Ngũ Lão
Tam Hưng
Thắng Lợi
Thanh Bình
Thường Sơn
Trần Hưng Đạo
Trần Kiên"
Thành phố Hồ Chí Minh,Huyện Bình Chánh,https://vi.wikipedia.org/wiki/B%C3%ACnh_Ch%C3%A1nh_(huy%E1%BB%87n)#%C4%90%C6%B0%E1%BB%9Dng_ph%E1%BB%91,"An Hạ
Ao Cây Dương
An Phú Tây - Hưng Long
Ấp 1A
Ấp 3
Ấp 3B
Ba Trung
Bà Cả
Bà Điều
Bảy Tấn
Bầu Gốc
Bến Lội
Bình Hưng
Bình Minh
Bông Văn Dĩa
Bộ Đội An Điền
Bờ Chùa
Bờ Huệ
Bờ Nhà Thờ
Bờ Xe Lam
Bùi Thanh Khiết
Bùi Văn Sự
Cây Bàng
Cây Cám
Chánh Hưng
Dân Công Hỏa Tuyến
Dây Thép
Dương Đình Cúc
Đa Phước
Đê Bao Ông Cớm
Đê Bà Tỵ
Đinh Đức Thiện
Đinh Văn Ước
Đình Bình Trường
Đoàn Bá Sở
Đoàn Nguyễn Tuấn
Đoàn Thị Lượng
Kênh Trung Ương
Kênh Rau Răm
Kênh Xà Tĩnh
Khuất Văn Bức
Hàn Thuyên
Hoàng Phan Thái
Hóc Hưu
Huỳnh Bá Chánh
Huỳnh Hữu Trí
Huỳnh Văn Trí
Hưng Long - Qui Đức
Hưng Nhơn
Láng Le Bàu Cò
Lại Hùng Cường
Lê Bá Trinh
Lê Chính Đáng
Lê Đình Chi
Lê Khả Phiêu
Lê Thị Dung
Lê Thị Ngay
Liên Ấp
Liên Ấp 1-2-3
Liên Ấp 2-3
Liên Ấp 2-3-4
Liên Ấp 2-6
Liên Ấp 3-4
Liên Ấp 4-5
Linh Hòa Tự
Lương Ngang
Mai Bá Hương
Nguyễn Cửu Phú
Nguyễn Duy Phương
Nguyễn Đăng Đạo
Nguyễn Hữu Trí
Nguyễn Thị Dững
Nguyễn Thị Lê
Nguyễn Thị Sưa
Nguyễn Thị Trọn
Nguyễn Thị Tuôi
Nguyễn Thị Tú
Nguyễn Thị Tư
Nguyễn Văn Linh
Nguyễn Văn Long
Nguyễn Văn Thời
Nguyễn Văn Thê
Nguyễn Văn Trà
Nguyễn Xuân Tình
Phan Thị Thâu
Phan Thị Tư
Phạm Tấn Mười
Phạm Thị Khai
Phạm Thị Nghĩ
Phạm Văn Sáng
Quách Điêu
Sư Đoàn 9
Tân Liêm
Tân Liễu
Tân Long
Tân Nhật
Tân Nhiễu
Tân Túc
Thanh Niên
Thái Thị Còn
Thế Lữ
Thiên Giang
Thích Thiện Hòa
Thới Hòa
Trần Đại Nghĩa
Trần Hải Phụng
Trần Hữu Nghiệp
Trần Thị Bảy
Trần Thị Giang
Trần Văn Giàu
Trịnh Như Khuê
Trịnh Quang Nghị
Trương Văn Đa
Rạch Bà Lớn
Rạch Cái Trung
Rạch Cầu Suối
Văn Tiến Dũng
Vĩnh Lộc
Võ Hữu Lợi
Võ Trần Chí
Võ Văn Thu
Võ Văn Vân
Vũ Giới
Vườn Thơm
Xã Đê
Xóm Dầu
Xóm Hố"
Thành phố Hồ Chí Minh,Huyện Cần Giờ,https://vi.wikipedia.org/wiki/C%E1%BA%A7n_Gi%E1%BB%9D_(huy%E1%BB%87n)#%C4%90%C6%B0%E1%BB%9Dng_ph%E1%BB%91,"An Thới Đông
Bà Xán
Bến Đò Mới
Bùi Lâm
Duyên Hải
Dương Văn Hạnh
Đào Cử
Đặng Văn Kiều	Giồng Ao
Hà Quang Vóc
Lâm Viên - Đồng Đình
Lê Hùng Yên
Lê Thương
Lê Trọng Mân
Lương Văn Nho	Lý Nhơn
Nguyễn Công Bao
Nguyễn Phan Vinh
Nguyễn Văn Mạnh
Phan Đức
Phan Trọng Tuệ
Quảng Xuyên	Rừng Sác
Tam Thôn Hiệp
Tắc Xuất
Thạnh Thới
Trần Quang Đạo
Trần Quang Nhơn
Trần Quang Quờn"
Thành phố Hồ Chí Minh,Quận 1,https://vi.wikipedia.org/wiki/Qu%E1%BA%ADn_1#%C4%90%C6%B0%E1%BB%9Dng_ph%E1%BB%91,"Alexandre de Rhodes
Bà Lê Chân
Bùi Thị Xuân
Bùi Viện
Calmette
Cao Bá Nhạ
Cao Bá Quát
Cách Mạng Tháng Tám
Cây Điệp
Cô Bắc
Cô Giang
Công trường Lam Sơn
Công trường Mê Linh
Công Xã Paris
Cống Quỳnh
Chu Mạnh Trinh
Đặng Dung
Đặng Tất
Đặng Thị Nhu
Đặng Trần Côn
Đề Thám
Điện Biên Phủ
Đinh Công Tráng
Đinh Tiên Hoàng
Đông Du
Đồng Khởi	Đỗ Quang Đẩu
Hai Bà Trưng
Hàm Nghi
Hàn Thuyên
Hải Triều
Hòa Mỹ
Hoàng Sa
Hồ Hảo Hớn
Hồ Huấn Nghiệp
Hồ Tùng Mậu
Huyền Trân Công Chúa
Huỳnh Khương Ninh
Huỳnh Thúc Kháng
Ký Con
Lê Anh Xuân
Lê Công Kiều
Lê Duẩn
Lê Lai
Lê Lợi
Lê Thánh Tôn
Lê Thị Hồng Gấm
Lê Thị Riêng
Lê Văn Hưu
Lương Hữu Khánh
Lưu Văn Lang
Lý Tự Trọng	Lý Văn Phức
Mai Thị Lựu
Mã Lộ
Mạc Đĩnh Chi
Mạc Thị Bưởi
Nam Kỳ Khởi Nghĩa
Nam Quốc Cang
Ngô Đức Kế
Ngô Văn Năm
Nguyễn An Ninh
Nguyễn Bỉnh Khiêm
Nguyễn Cảnh Chân
Nguyễn Công Trứ
Nguyễn Cư Trinh
Nguyễn Du
Nguyễn Đình Chiểu
Nguyễn Huệ
Nguyễn Hữu Cảnh
Nguyễn Hữu Cầu
Nguyễn Huy Tự
Nguyễn Khắc Nhu
Nguyễn Phi Khanh
Nguyễn Siêu
Nguyễn Thái Bình
Nguyễn Thái Học
Nguyễn Thành Ý	Nguyễn Thị Minh Khai
Nguyễn Thị Nghĩa
Nguyễn Trãi
Nguyễn Trung Ngạn
Nguyễn Trung Trực
Nguyễn Văn Bình
Nguyễn Văn Chiêm
Nguyễn Văn Cừ
Nguyễn Văn Giai
Nguyễn Văn Nghĩa
Nguyễn Văn Nguyễn
Nguyễn Văn Thủ
Nguyễn Văn Tráng
Pasteur
Phan Bội Châu
Phan Chu Trinh
Phan Kế Bính
Phan Liêm
Phan Ngữ
Phan Tôn
Phan Văn Đạt
Phan Văn Trường
Phạm Hồng Thái
Phạm Ngọc Thạch
Phạm Ngũ Lão
Phạm Viết Chánh	Phó Đức Chính
Phùng Khắc Khoan
Sương Nguyệt Anh
Thái Văn Lung
Thạch Thị Thanh
Thi Sách
Thủ Khoa Huân
Tôn Đức Thắng
Tôn Thất Đạm
Tôn Thất Thiệp
Tôn Thất Tùng
Trần Đình Xu
Trần Hưng Đạo
Trần Khánh Dư
Trần Khắc Chân
Trần Nguyên Đán
Trần Nhật Duật
Trần Quang Khải
Trần Quý Khoách
Trịnh Văn Cấn
Trương Định
Trương Hán Siêu
Võ Thị Sáu
Võ Văn Kiệt
Yersin"
Thành phố Hồ Chí Minh,Quận 10,https://vi.wikipedia.org/wiki/Qu%E1%BA%ADn_10#%C4%90%C6%B0%E1%BB%9Dng_ph%E1%BB%91,"3 Tháng 2
Ba Vì
Bà Hạt
Bạch Mã
Bắc Hải
Bình Thới
Bửu Long
Cao Thắng
Cách Mạng Tháng Tám
Châu Thới
Cư Xá Đồng Tiến
Cư Xá Nguyễn Trung Trực
Cư Xá Triệu Đà
Cửu Long
Dương Quang Trung	Đào Duy Từ
Đất Thánh
Điện Biên Phủ
Đồng Nai
Đồng Tiến
Hòa Hảo
Hòa Hưng
Hoàng Dư Khương
Hồ Bá Kiện
Hồ Thị Kỷ
Hồng Lĩnh
Hùng Vương
Hương Giang
Hưng Long
Lạc Long Quân	Lê Hồng Phong
Lý Thái Tổ
Lý Thường Kiệt
Ngô Gia Tự
Ngô Quyền
Nguyễn Chí Thanh
Nguyễn Duy Dương
Nguyễn Giản Thanh
Nguyễn Kim
Nguyễn Lâm
Nguyễn Ngọc Lộc
Nguyễn Thượng Hiền
Nguyễn Tiểu La
Nguyễn Tri Phương	Nhật Tảo
Sư Vạn Hạnh
Tam Đảo
Tạ Quang Bửu
Tân Phước
Thành Thái
Thất Sơn
Tô Hiến Thành
Trần Bình Trọng
Trần Minh Quyền
Trần Nhân Tôn
Trần Thiện Chánh
Trường Sơn
Vĩnh Viễn"
Thành phố Hồ Chí Minh,Quận 11,https://vi.wikipedia.org/wiki/Qu%E1%BA%ADn_11#%C4%90%C6%B0%E1%BB%9Dng_ph%E1%BB%91,"Âu Cơ
Ba Tháng Hai
Bình Dương Thi Xã
Bình Thới
Công Chúa Ngọc Hân
Dương Đình Nghệ
Dương Tử Giang
Đào Nguyên Phổ
Đặng Minh Khiêm
Đỗ Ngọc Thạnh
Đội Cung
Hà Tôn Quyền
Hàn Hải Nguyên
Hòa Bình	Hòa Hảo
Hoàng Đức Tương
Hồng Bàng
Huyện Toại
Kênh Tân Hóa
Lạc Long Quân
Lãnh Binh Thăng
Lê Đại Hành
Lê Thị Bạch Cát
Lê Tung
Lò Gốm
Lò Siêu
Lữ Gia
Lý Nam Đế
Lý Thường Kiệt	Minh Phụng
Nhật Tảo
Nguyễn Bá Học
Nguyễn Chí Thanh
Nguyễn Thị Diệu Hường
Nguyễn Thị Nhỏ
Nguyễn Văn Phú
Ông Ích Khiêm
Phan Xích Long
Phó Cơ Điều
Quân Sự
Phú Thọ
Tạ Uyên
Tân Hóa
Tân Khai	Tân Phước
Tân Thành
Tân Trang
Thái Phiên
Thành Mỹ
Thiên Phước
Thuận Kiều
Tôn Thất Hiệp
Tống Văn Trân
Tổng Lung
Trần Quý
Trần Văn Hoàng
Trịnh Đình Trọng
Tuệ Tĩnh
Vĩnh Viễn
Xóm Đất"
Thành phố Hồ Chí Minh,Quận 3,https://vi.wikipedia.org/wiki/Qu%E1%BA%ADn_3#%C4%90%C6%B0%E1%BB%9Dng_ph%E1%BB%91,"Đường số 1 Cư xá Đô Thành
Đường số 2 Cư xá Đô Thành
Đường số 3 Cư xá Đô Thành
Đường số 4 Cư xá Đô thành
Đường số 5 Cư xá Đô Thành
Đường số 6 Cư xá Đô Thành
Đường số 7 Cư xá Đô Thành
Bà Huyện Thanh Quan
Bàn Cờ	Cách Mạng Tháng Tám
Cao Thắng
Điện Biên Phủ
Đoàn Công Bửu
Đỗ Thị Lời
Hai Bà Trưng
Hoàng Sa
Hồ Xuân Hương
Huỳnh Tịnh Của
Kỳ Đồng
Lê Ngô Cát
Lê Quý Đôn
Lê Văn Sỹ
Lý Chính Thắng
Lý Thái Tổ	Nam Kỳ Khởi Nghĩa
Ngô Thời Nhiệm
Nguyễn Đình Chiểu
Nguyễn Hiền
Nguyễn Phúc Nguyên
Nguyễn Sơn Hà
Nguyễn Thị Diệu
Nguyễn Thị Minh Khai
Nguyễn Thiện Thuật
Nguyễn Thông
Nguyễn Thượng Hiền
Nguyễn Văn Mai
Phạm Đình Toái
Phạm Ngọc Thạch
Pasteur
Rạch Bùng Binh	Sư Thiện Chiếu
Trần Cao Vân
Trần Huy Liệu
Trần Minh Quyền
Trần Quang Diệu
Trần Quốc Thảo
Trần Quốc Toản
Trần Văn Đang
Trương Định
Trương Quyền
Trường Sa
Tú Xương
Võ Thị Sáu
Võ Văn Tần
Vườn Chuối"
Thành phố Hồ Chí Minh,Quận 4,https://vi.wikipedia.org/wiki/Qu%E1%BA%ADn_4#%C4%90%C6%B0%E1%BB%9Dng_ph%E1%BB%91,"Bến Thương Khẩu
Bến Vân Đồn
Cầu Chông
Cầu Dừa
Đinh Lễ
Đoàn Như Hài
Đoàn Văn Bơ
Hoàng Diệu	Lê Quốc Hưng
Lê Thạch
Lê Văn Linh
Khánh Hội
Ngô Văn Sở
Nguyễn Hữu Hào
Nguyễn Khoái
Nguyễn Tất Thành
Nguyễn Thần Hiến	Nguyễn Trường Tộ
Tân Vĩnh
Tôn Đản
Tôn Thất Thuyết
Trương Đình Hội
Vĩnh Hội
Vĩnh Khánh
Xóm Chiếu"
Thành phố Hồ Chí Minh,Quận 7,https://vi.wikipedia.org/wiki/Qu%E1%BA%ADn_7#%C4%90%C6%B0%E1%BB%9Dng_ph%E1%BB%91,"Bắc Nam
Bế Văn Cấm
Bến Nghé
Bertrand Russell
Bùi Bằng Đoàn
Bùi Văn Ba
Cao Thị Chính
Cao Triều Phát
Chuyên Dùng Chính
Đào Trí
Đặng Đại Độ
Đặng Đức Thuật
Đô Đốc Tuyết
Gò Ô Môi
Hà Huy Tập
Hoàng Quốc Việt	Hoàng Trọng Mậu
Hoàng Văn Thái
Hưng Long
Huỳnh Tấn Phát
Lâm Văn Bền
Lê Thị Chợ
Lê Văn Lương
Lê Văn Thiêm
Luther King
Lâm Văn Bền
Lãnh Binh Thăng
Lưu Trọng Lư
Lý Long Tường
Lý Phục Man
Mai Chí Thọ
Mai Văn Vĩnh	Morison
Nam Long
Mỹ Hưng
Ngô Thị Bì
Ngô Thị Nhạn
Nguyễn Bính
Nguyễn Cao
Nguyễn Đổng Chi
Nguyễn Đức Cảnh
Nguyễn Hữu Thọ
Nguyễn Khắc Viện
Nguyễn Lương Bằng
Nguyễn Phan Chánh
Nguyễn Thị Thập
Nguyễn Thị Xiếu
Nguyễn Văn Linh	Nguyễn Văn Quỳ
Nguyễn Văn Tưởng
Phạm Hữu Lầu
Phạm Thái Bường
Phạm Thiều
Phạm Thị Ba
Phạm Văn Nghị
Phan Huy Thực
Phan Khiêm Ích
Phan Thị Út
Phan Văn Chương
Phố Tiểu Nam
Phú Mỹ Hưng
Phú Thuận
Raymondienne
Sáng Tạo	Tân An Huy
Tân Mỹ
Tân Phú
Tân Trào
Tân Thuận
Tân Thuận Tây
Tôn Dật Tiên
Trần Trọng Cung
Trần Văn Khánh
Trần Văn Trà
Trần Xuân Soạn
Trần Quốc Toản
Võ Thị Đặng
Võ Thị Nhờ"
Thành phố Hồ Chí Minh,Quận 8,https://vi.wikipedia.org/wiki/Qu%E1%BA%ADn_8#%C4%90%C6%B0%E1%BB%9Dng_ph%E1%BB%91,"An Dương Vương
Âu Dương Lân
Ba Đình
Ba Tơ
Bến Bình Đông
Bến Cần Giuộc
Bình Đức
Bông Sao
Bùi Điền
Bùi Huy Bích
Bùi Minh Trực
Cao Xuân Dục
Cao Lỗ
Cây Sung
Cần Giuộc
Chánh Hưng
Châu Thị Hóa
Dã Tượng
Dạ Nam
Dương Bá Trạc
Dương Bạch Mai	Dương Quang Đông
Dương Thị Bích Ngọc
Đào Cam Mộc
Đặng Chất
Đặng Thúc Liêng
Đặng Thùy Trâm
Đinh Hòa
Đình An Tài
Đông Hồ
Đỗ Ngọc Quang
Hoài Thanh
Hoàng Đạo Thúy
Hoàng Kim Giao
Hoàng Ngân
Hoàng Sĩ Khải
Hồ Học Lãm
Hồ Thành Biên
Huỳnh Thị Phụng
Hưng Phú
Lê Bôi	Lê Ninh
Lê Quang Kim
Lê Quyên
Lê Thành Phương
Lương Ngọc Quyến
Lương Văn Can
Lưu Hữu Phước
Lưu Quý Kỳ
Lý Đạo Thành
Mạc Vân
Mai Am
Mai Hắc Đế
Mễ Cốc
Ngô Sĩ Liên
Nguyễn Chế Nghĩa
Nguyễn Duy
Nguyễn Đức Ngữ
Nguyễn Ngọc Cung
Nguyễn Nhược Thị
Nguyễn Quyền	Nguyễn Sĩ Cố
Nguyễn Thị Mười
Nguyễn Thị Tần
Nguyễn Văn Của
Nguyễn Văn Linh
Phạm Hùng
Phạm Đức Sơn
Phạm Ngọc Thảo
Phạm Nhữ Tăng
Phạm Thế Hiển
Phạm Thị Tánh
Phong Phú
Phú Định
Quản Trọng Linh
Rạch Cát
Rạch Cát Bến Lức
Rạch Cùng
Rạch Lồng Đèn
Tạ Quang Bửu	Tám Danh
Thanh Loan
Trần Nguyên Hãn
Trần Thị Ngôi
Trần Thị Nơi
Trần Văn Thành
Trịnh Quang Nghị
Trương Đình Hội
Tùng Thiện Vương
Tuy Lý Vương
Ụ Cây
Ưu Long
Vàm Luông
Văn Tiến Dũng
Vĩnh Nam
Võ Liêm Sơn
Võ Văn Kiệt
Võ Trứ
Xóm Củi"
Thành phố Hồ Chí Minh,Quận Bình Tân,https://vi.wikipedia.org/wiki/B%C3%ACnh_T%C3%A2n_(qu%E1%BA%ADn)#%C4%90%C6%B0%E1%BB%9Dng_ph%E1%BB%91,"26/3
An Dương Vương
An Lạc
Ao Đôi
Ấp Chiến Lược
Bà Hom
Bến Lội
Bia Truyền Thống
Bình Hưng Hòa
Bình Long
Bình Thành
Bình Trị Đông
Bờ Bắc Sông Chùa
Bờ Kênh
Bờ Nam Sông Chùa
Bờ Sông
Bờ Tuyến
Bùi Dương Lịch
Bùi Hữu Diên
Bùi Tư Toàn
Cầu Kinh
Cây Cám
Chiến Lược
Cống Lở
Dương Bá Cung
Dương Tự Quán
Đất Mới
Đình Nghi Xuân
Đình Tân Khai
Đoàn Phú Tứ
Đỗ Năng Tế
Gò Mây
Gò Xoài
Hồ Học Lãm
Hồ Văn Long
Hòa Bình
Hoàng Hưng
Hoàng Văn Hợp
Hương lộ 2
Hương lộ 3
Hương lộ 5
Hương lộ 80
Kênh Nước Đen
Khiếu Năng Tĩnh
Kinh Dương Vương
Lâm Hoành
Lê Công Phép
Lê Cơ
Lê Đình Cẩn
Lê Đình Dương
Lê Đức Anh
Lê Ngưng
Lê Khả Phiêu
Lê Tấn Bê
Lê Trọng Tấn
Lê Văn Quới
Liên Ấp 1-2-3
Liên Khu 10
Liên Khu 10-11
Liên Khu 16-18
Liên Khu 2-10
Liên Khu 4-5
Liên Khu 5-6
Liên Khu 5-11-12
Liên khu 8-9
Lô Tư
Lộ Tẻ
Mã Lò
Miếu Bình Đông
Miếu Gò Đông
Miếu Gò Xoài
Mương Lệ
Nước Lên
Ngô Y Linh
Nguyễn Cửu Phú
Nguyễn Đình Kiên
Nguyễn Hới
Nguyễn Quý Yêm
Nguyễn Thị Tú
Nguyễn Thức Đường
Nguyễn Thức Tự
Nguyễn Triệu Luật
Nguyễn Trọng Trí
Nguyễn Văn Cự
Phạm Đăng Giảng
Phan Anh
Phan Cát Tựu
Phan Đình Thông
Phạm Bành
Phùng Tá Chu
Sin Cô
Sơn Kỳ
Tạ Mỹ Duật
Tân Hòa Đông
Tân Kỳ Tân Quý
Tân Tạo
Tân Tạo-Chợ Đệm
Tập đoàn 6B
Tây Lân
Tên Lửa
Tỉnh lộ 10
Trần Đại Nghĩa
Trần Hải Phụng
Trần Thanh Mại
Trần Văn Giàu
Trung Tâm
Trương Phước Phan
Vĩnh Lộc
Võ Trần Chí
Võ Văn Kiệt
Võ Văn Vân
Vũ Hữu
Vương Văn Huống"
Thành phố Hồ Chí Minh,Quận Phú Nhuận,https://vi.wikipedia.org/wiki/Ph%C3%BA_Nhu%E1%BA%ADn_(qu%E1%BA%ADn)#%C4%90%C6%B0%E1%BB%9Dng_ph%E1%BB%91,"Bùi Văn Thêm
Cao Thắng
Cầm Bá Thước
Chiến Thắng
Cô Bắc
Cô Giang
Cù Lao
Duy Tân
Đào Duy Anh
Đào Duy Từ
Đặng Thai Mai
Đặng Văn Ngữ
Đặng Văn Sâm
Đoàn Thị Điểm
Đỗ Tấn Phong
Hoa Cau
Hoa Cúc	Hoa Đào
Hoa Giấy
Hoa Hồng
Hoa Huệ
Hoa Lan
Hoa Lài
Hoa Mai
Hoa Phượng
Hoa Sứ
Hoa Sữa
Hoa Thị
Hoa Trà
Hoàng Diệu
Hoàng Minh Giám
Hoàng Văn Thụ
Hồ Biểu Chánh
Hồ Văn Huê	Hồng Hà
Huỳnh Văn Bánh
Ký Con
Lam Sơn
Lê Tự Tài
Lê Văn Sỹ
Mai Văn Ngọc
Mai Văn Nguyễn
Nguyễn Công Hoan
Nguyễn Đình Chính
Nguyễn Đình Chiểu
Nguyễn Kiệm
Nguyễn Thị Huỳnh
Nguyễn Thượng Hiền
Nguyễn Trọng Tuyển
Nguyễn Văn Đậu
Nguyễn Văn Trỗi	Nhiêu Tứ
Phan Đăng Lưu
Phan Đình Phùng
Phan Tây Hồ
Phan Xích Long
Phổ Quang
Phùng Văn Cung
Thích Quảng Đức
Trần Cao Vân
Trần Huy Liệu
Trần Hữu Trang
Trần Kế Xương
Trần Khắc Chân
Trần Quang Diệu
Trương Quốc Dung
Trường Sa
Vũ Huy Tấn"
Thành phố Hồ Chí Minh,Quận Tân Bình,https://vi.wikipedia.org/wiki/T%C3%A2n_B%C3%ACnh_(qu%E1%BA%ADn)#%C4%90%C6%B0%E1%BB%9Dng_ph%E1%BB%91,"An Tôn
Âu Cơ
Ấp Bắc
Ba Gia
Ba Vân
Ba Vì
Bành Văn Trân
Bàu Bàng
Bàu Cát
Bảy Hiền
Bạch Đằng
Bắc Hải
Bế Văn Đàn
Bến Cát
Bình Giã
Bùi Thế Mỹ
Bùi Thị Xuân
Ca Văn Thỉnh
Cách Mạng Tháng Tám
Châu Vĩnh Tế
Chấn Hưng
Chử Đồng Tử
Cộng Hòa
Cù Chính Lan
Cư Xá Tự Do
Cửu Long
Dân Trí
Duy Tân
Dương Vân Nga
Đại Nghĩa
Đặng Lộ
Đặng Minh Trứ
Đặng Thế Phong
Đặng Văn Sâm
Đất Thánh
Đinh Điền
Đông Hồ
Đông Sơn
Đồ Sơn
Đồng Đen
Đồng Nai
Đồng Xoài
Giải Phóng
Gò Cẩm Đệm
Hát Giang
Hà Bá Tường
Hậu Giang
Hiệp Nhất
Hồ Đắc Di
Hoàng Bật Đạt
Hoàng Hoa Thám
Hoàng Kế Viêm
Hoàng Minh Giám
Hoàng Sa
Hoàng Văn Thụ
Hoàng Việt
Hồng Hà
Hồng Hạc
Hồng Lạc
Hưng Hóa
Huỳnh Lan Khanh
Huỳnh Tịnh Của
Huỳnh Văn Nghệ
Khuông Việt
Khai Trí
Lạc Long Quân
Lam Sơn
Lê Bình
Lê Duy Nhuận
Lê Lai
Lê Minh Xuân
Lê Ngân
Lê Tấn Quốc
Lê Trung Nghĩa
Lê Văn Huân
Lê Văn Sỹ
Long Hưng
Lộc Hưng
Lộc Vinh
Lưu Nhân Chú
Lý Thường Kiệt
Mai Lão Bạng
Năm Châu
Nghĩa Hòa
Nghĩa Hưng
Nghĩa Phát
Ngô Bệ
Ngô Thị Thu Minh
Nguyễn Bá Tòng
Nguyễn Bá Tuyển
Nguyễn Bặc
Nguyễn Cảnh Dị
Nguyễn Chánh Sắt
Nguyễn Đình Khơi
Nguyễn Đức Thuận
Nguyễn Hiến Lê
Nguyễn Hồng Đào
Nguyễn Minh Hoàng
Nguyễn Phúc Chu
Nguyễn Quang Bích
Nguyễn Sỹ Sách
Nguyễn Thái Bình
Nguyễn Thanh Tuyền
Nguyễn Thế Lộc
Nguyễn Thị Nhỏ
Nguyễn Trọng Lội
Nguyễn Trọng Tuyển
Nguyễn Tử Nha
Nguyễn Văn Công
Nguyễn Văn Mại
Nguyễn Văn Trỗi
Nguyễn Văn Vĩnh
Nguyễn Văn Vỹ
Nhất Chi Mai
Ni Sư Huỳnh Liên
Núi Thành
Phạm Cự Lượng
Phạm Phú Thứ
Phạm Văn Bạch
Phạm Văn Hai
Phan Bá Phiến
Phan Đình Giót
Phan Huy Ích
Phan Sào Nam
Phan Thúc Duyện
Phan Văn Sửu
Phổ Quang
Phú Hòa
Phú Lộc
Quách Văn Tuấn
Quảng Hiền
Sầm Sơn
Sơn Cang
Sơn Hưng
Sông Đáy
Sông Đà
Sông Nhuệ
Sông Thao
Sông Thương
Tái Thiết
Tản Viên
Tân Cảnh
Tân Châu
Tân Hải
Tân Khai
Tân Kỳ Tân Quý
Tân Phước
Tân Sơn
Tân Sơn Hòa
Tân Tạo
Tân Tiến
Tân Thành
Tân Trang
Tân Trụ
Tân Xuân
Thái Thị Nhạn
Thành Mỹ
Thăng Long
Thân Nhân Trung
Thép Mới
Thích Minh Nguyệt
Thiên Phước
Thủ Khoa Huân
Tiền Giang
Tống Văn Hên
Trà Khúc
Trần Mai Ninh
Trần Tấn
Trần Thái Tông
Trần Thánh Tông
Trần Thị Trọng
Trần Triệu Luật
Trần Văn Danh
Trần Văn Dư
Trần Văn Hoàng
Trần Văn Quang
Trung Lang
Trương Công Định
Trương Hoàng Thanh
Trường Chinh
Trường Sa
Trường Sơn
Tứ Hải
Tự Cường
Tự Lập
Út Tịch
Văn Chung
Vân Côi
Võ Thành Trang
Xuân Diệu
Xuân Hồng
Yên Thế"
Thành phố Hồ Chí Minh,Quận Tân Phú,https://vi.wikipedia.org/wiki/T%C3%A2n_Ph%C3%BA_(qu%E1%BA%ADn)#%C4%90%C6%B0%E1%BB%9Dng_ph%E1%BB%91,"30 tháng 4
Âu Cơ
Bác Ái
Bình Long
Bùi Cầm Hổ
Bùi Xuân Phái
Cách Mạng
Cao Văn Ngọc
Cây Keo
Cầu Xéo
Chân Lý
Chế Lan Viên
Chu Văn An
Chu Thiên
Dân Chủ
Dân Tộc
Diệp Minh Châu
Dương Đức Hiền
Dương Khuê
Dương Thiệu Tước
Dương Văn Dương
Đàm Thận Huy
Đặng Thế Phong
Đinh Liệt
Đô Đốc Chấn
Đô Đốc Long
Đô Đốc Lộc
Đô Đốc Thủ
Đỗ Bí
Đỗ Công Tường
Đỗ Đức Dục
Đỗ Nhuận
Đỗ Thị Tâm
Đỗ Thừa Luông
Đỗ Thừa Tự
Đoàn Hồng Phước
Đoàn Giỏi
Đoàn Kết
Độc Lập
Gò Dầu
Hà Thị Đát
Hàn Mặc Tử
Hiền Vương
Hoa Bằng
Hòa Bình
Hoàng Ngọc Phách
Hoàng Thiều Hoa
Hoàng Văn Hòe
Hoàng Xuân Hành
Hoàng Xuân Nhị
Hồ Đắc Di
Hồ Ngọc Cẩn
Huỳnh Thiện Lộc
Huỳnh Văn Chính
Huỳnh Văn Gấm
Huỳnh Văn Một
Hương lộ 3
Ích Thiện
Kênh 19/5
Kênh Tân Hóa
Khuông Việt
Lê Cao Lãng
Lê Cảnh Tuân
Lê Đình Thám
Lê Đình Thụ
Lê Khôi
Lê Lâm
Lê Lăng
Lê Liễu
Lê Lộ
Lê Lư
Lê Ngã
Lê Niệm
Lê Quang Chiểu
Lê Quát
Lê Quốc Trinh
Lê Sao
Lê Sát
Lê Thận
Lê Thiệt
Lê Thúc Hoạch
Lê Trọng Tấn
Lê Văn Phan
Lê Vĩnh Hòa
Lương Đắc Bằng
Lương Minh Nguyệt
Lương Thế Vinh
Lương Trúc Đàm
Lưu Chí Hiếu
Lũy Bán Bích
Lý Thái Tông
Lý Thánh Tông
Lý Tuệ
Nghiêm Toản
Ngô Quyền
Nguyễn Bá Tòng
Nguyễn Chích
Nguyễn Cửu Đàm
Nguyễn Dữ
Nguyễn Đỗ Cung
Nguyễn Háo Vĩnh
Nguyễn Hậu
Nguyễn Hữu Dật
Nguyễn Hữu Tiến
Nguyễn Lộ Trạch
Nguyễn Lý
Nguyễn Minh Châu
Nguyễn Mỹ Ca
Nguyễn Nghiêm
Nguyễn Ngọc Nhựt
Nguyễn Nhữ Lãm
Nguyễn Quang Diêu
Nguyễn Quý Anh
Nguyễn Sáng
Nguyễn Sơn
Nguyễn Súy
Nguyễn Thái Học
Nguyễn Thế Truyện
Nguyễn Thiệu Lâu
Nguyễn Trọng Quyền
Nguyễn Trường Tộ
Nguyễn Văn Dưỡng
Nguyễn Văn Huyên
Nguyễn Văn Săng
Nguyễn Văn Tố
Nguyễn Văn Vịnh
Nguyễn Văn Yến
Nguyễn Xuân Khoát
Ngụy Như Kon Tum
Phạm Ngọc
Phạm Ngọc Thảo
Phạm Quý Thích
Phạm Văn Xảo
Phạm Vấn
Phan Anh
Phan Đình Phùng
Phan Chu Trinh
Phan Thị Hành
Phan Văn Năm
Phố Chợ
Phú Thọ Hòa
Phùng Chí Kiên
Quách Đình Bảo
Quách Hữu Nghiêm
Quách Vũ
Sơn Kỳ
Tân Hương
Tân Kỳ Tân Quý
Tân Quý
Tân Sơn Nhì
Tân Thành
Tân Thạnh
Tân Thắng
Tây Sơn
Tây Thạnh
Thái Thị Nhạn
Thành Công
Thạch Lam
Thẩm Mỹ
Thoại Ngọc Hầu
Thống Nhất
Tô Hiệu
Trần Hưng Đạo
Trần Quang Cơ
Trần Quang Quá
Trần Tấn
Trần Thị Báo
Trần Thị Sa
Trần Thủ Độ
Trần Văn Cẩn
Trần Văn Giáp
Trần Văn Ơn
Trịnh Đình Thảo
Trịnh Đình Trọng
Trịnh Lỗi
Trường Chinh
Trương Vĩnh Ký
Tự Do
Tự Quyết
Văn Cao
Vạn Hạnh
Võ Công Tồn
Võ Hoành
Võ Văn Dũng
Vũ Trọng Phụng
Vườn Lài
Ỷ Lan
Yên Đổ"
Thành phố Hồ Chí Minh,Thành phố Thủ Đức,NO,NO
Thành phố Đà Nẵng,Huyện Hòa Vang,https://vi.wikipedia.org/wiki/H%C3%B2a_Vang_(huy%E1%BB%87n)#%C4%90%C6%B0%E1%BB%9Dng_ph%E1%BB%91,"Âu Dương Lân
Bùi Cẩm Hổ
Bùi Huy Đáp
Cao Bá Đạt
Cồn Đỉnh
Đặng Đức Siêu
Đặng Hòa
Đặng Văn Kiều
Đào Trinh Nhất
Đinh Văn Chất
Đỗ Đình Thiện
Hà Duy Phiên
Hà Tông Quyền
Hà Văn Mao
Hoàng Đạo Thành
Hoàng Phê
Hoàng Văn Thái
Học Phi
Huỳnh Tịnh Của
Kha Vạng Cân
Kiều Sơn Đen
Lê Đình Diên
Lê Trực
Lê Văn Hoan
Lý Thiên Bảo
Mai An Tiêm
Mai Thúc Trực
Mẹ Thứ
Nam Kỳ Khởi Nghĩa
Ngô Mây
Ngô Miễn
Nguyễn Án
Nguyễn Bá Loan
Nguyễn Bảo
Nguyễn Cách
Nguyễn Chí Trung
Nguyễn Công Thái
Nguyễn Hàm Ninh
Nguyễn Hồng Ánh
Nguyễn Huy Oánh
Nguyễn Khả Trạc
Nguyễn Kim
Nguyễn Minh Vân
Nguyễn Thiên Tích
Nguyễn Triệu Luật
Nguyễn Văn Tỵ
Nguyễn Văn Vĩnh
Nguyễn Văn Xuân
Phạm Công Trứ
Phạm Đôn Lễ
Phạm Hùng
Phạm Hữu Nghi
Phạm Quý Thích
Phan Quang Định
Phan Thêm
Phan Thúc Trực
Phan Văn Đáng
Quảng Xương
Tế Hanh
Thu Bồn
Trần Quốc Tảng
Trần Tử Bình
Trần Văn Giàu
Trịnh Quang Xuân
Trung Đồng
Trường Chinh
Trường Sơn
Trương Vĩnh Ký
Võ Thành Vỹ
Vũ Miên
Vũ Phạm Hàm"
Tỉnh An Giang,Huyện An Phú,NO,NO
Tỉnh An Giang,Huyện Châu Thành,NO,NO
Tỉnh An Giang,Huyện Phú Tân,"https://vi.wikipedia.org/wiki/Ph%C3%BA_T%C3%A2n,_An_Giang#Giao_th%C3%B4ng","Hải Thượng Lãn Ông
Nguyễn Trung Trực
Chu Văn An
Tôn Đức Thắng
Hà Huy Tập
Phạm Văn Đồng
Trường Chinh
Tam Nguyên Yến Đổ (Nguyễn Khuyến)
Phú Mỹ
Kim Đồng
Lý Tự Trọng
Nguyễn Văn Linh
Lê Hồng Phong
Lê Duẩn
Nguyễn Thị Minh Khai
Nguyễn Hữu Cảnh
Trương Định"
Tỉnh An Giang,Huyện Thoại Sơn,NO,NO
Tỉnh An Giang,Thành phố Châu Đốc,https://vi.wikipedia.org/wiki/Ch%C3%A2u_%C4%90%E1%BB%91c_(th%C3%A0nh_ph%E1%BB%91)#Giao_th%C3%B4ng,"Tôn Đức Thắng
Nguyễn Tri Phương
Hoàng Diệu
Tân lộ Kiều Lương
Đường vòng Núi Sam
Lê Lợi
Nguyễn Văn Thoại
Thủ Khoa Huân
Thủ Khoa Nghĩa
Trưng Nữ Vương
Trần Hưng Đạo
Phan Đình Phùng
Lê Đại Cương
Mậu Thân
Hoàng Đạo Cật
Lê Hồng Phong
Nguyễn Thị Minh Khai
Cử Trị"
Tỉnh An Giang,Thị xã Tân Châu,NO,NO
Tỉnh Bình Dương,Huyện Bàu Bàng,NO,NO
Tỉnh Bình Dương,Huyện Bắc Tân Uyên,NO,NO
Tỉnh Bình Dương,Huyện Dầu Tiếng,NO,NO
Tỉnh Bình Dương,Huyện Phú Giáo,NO,NO
Tỉnh Bình Dương,Thành phố Bến Cát,NO,NO
Tỉnh Bình Dương,Thành phố Dĩ An,NO,NO
Tỉnh Bình Dương,Thành phố Thuận An,NO,NO
Tỉnh Bình Dương,Thành phố Thủ Dầu Một,NO,NO
Tỉnh Bình Dương,Thành phố Tân Uyên,https://vi.wikipedia.org/wiki/T%C3%A2n_Uy%C3%AAn_(th%C3%A0nh_ph%E1%BB%91),"DT 747, DT 746, DT 746B, ư đường vành đai 4, đường vành đai trong, đường 30-4, phố đi bộ Tân Uyên"
Tỉnh Bình Phước,Huyện Bù Đốp,NO,NO
Tỉnh Bình Phước,Huyện Lộc Ninh,NO,NO
Tỉnh Bình Phước,Thị xã Bình Long,https://vi.wikipedia.org/wiki/B%C3%ACnh_Long#Giao_th%C3%B4ng,"QL13
ĐT752
ĐT757
ĐT758
Đoàn Thị Điểm
Ngô Quyền
Bùi Thị Xuân
Lê Văn Tám
Hàm Nghi
Đinh Tiên Hoàng
Phan Bội Châu
Lê Quý Đôn
Phạm Ngọc Thạch
Lê Lợi
Trừ Văn Thố
Thủ Khoa Huân
Trần Phú
Lý Tự Trọng
Tú Xương
Trần Thánh Tôn
Lê Hồng Phong
Lê Đại Hành
Nguyễn Văn Trỗi
Nguyễn Trãi
Nguyễn Chí Thanh
Trần Quang Khải
Cao Bá Quát
Sư Vạn Hạnh
Lê Quang Định
Nguyễn Đình Chiểu
Trần Quốc Thảo
Trần Tế Xương
Hải Thượng Lãn Ông
Lý Thường Kiệt
Lê Thị Hồng Gấm
Nguyễn Du
Nguyễn Trung Trực
Huỳnh Văn Nghệ
Nguyễn Đức Cảnh
Nguyễn Thị Minh Khai
Hồ Xuân Hương
Chu Văn An
Hùng Vương
Trần Hưng Đạo
Nơ Trang Long
Bà Triệu
Hai Bà Trưng
Hồ Tùng Mậu
Nguyễn Huệ
Huỳnh Thúc Kháng
Nguyễn Thái Học nối dài
Sóc Bế"
Tỉnh Bình Thuận,Huyện Bắc Bình,NO,NO
Tỉnh Bình Thuận,Huyện Hàm Thuận Nam,NO,NO
Tỉnh Bình Thuận,Huyện Tuy Phong,NO,NO
Tỉnh Bình Định,Huyện An Lão,NO,NO
Tỉnh Bình Định,Huyện Hoài Ân,NO,NO
Tỉnh Bình Định,Huyện Vân Canh,NO,NO
Tỉnh Bắc Giang,Huyện Hiệp Hòa,NO,NO
Tỉnh Bắc Giang,Huyện Yên Thế,NO,NO
Tỉnh Bắc Kạn,Huyện Na Rì,NO,NO
Tỉnh Bến Tre,Huyện Ba Tri,NO,NO
Tỉnh Bến Tre,Huyện Bình Đại,NO,NO
Tỉnh Bến Tre,Huyện Giồng Trôm,https://vi.wikipedia.org/wiki/Gi%E1%BB%93ng_Tr%C3%B4m_(huy%E1%BB%87n),NO
Tỉnh Bến Tre,Huyện Mỏ Cày Bắc,NO,NO
Tỉnh Bến Tre,Huyện Thạnh Phú,NO,NO
Tỉnh Cà Mau,Huyện Cái Nước,NO,NO
Tỉnh Cà Mau,Huyện Ngọc Hiển,NO,NO
Tỉnh Cà Mau,Huyện Năm Căn,NO,NO
Tỉnh Cà Mau,Huyện Trần Văn Thời,NO,NO
Tỉnh Cà Mau,Huyện U Minh,NO,NO
Tỉnh Cà Mau,Huyện Đầm Dơi,NO,NO
Tỉnh Cà Mau,Thành phố Cà Mau,https://vi.wikipedia.org/wiki/C%C3%A0_Mau_(th%C3%A0nh_ph%E1%BB%91)#Giao_th%C3%B4ng,"Lý Thường Kiệt
Hùng Vương
Nguyễn Tất Thành
Nguyễn Trãi
Trần Hưng Đạo
Huyền Trân Công Chúa
Hải Thượng Lãn Ông
Phan Ngọc Hiển
Huỳnh Thúc Kháng
Nguyễn Công Trứ
Nguyễn Đình Chiểu
Nguyễn Bỉnh Khiêm
Trương Phùng Xuân
Chung Thành Châu
Nguyễn Thái Bình
Nguyễn Ngọc Sanh
Đại Đức Hữu Nhem
3 Tháng 2
30 Tháng 4
1 Tháng 5
Hoa Lư
Lý Bôn
Văn Cao
Lê Duẩn
Tạ Uyên
Lê Lợi
Ngô Quyền
Mậu Thân
Cao Thắng
Trưng Trắc
Trưng Nhị
Nguyễn Du
Nguyễn Mai
Đỗ Thừa Tự
Ngô Gia Tự
Lý Văn Lâm
Lê Đại Hành
Lưu Tấn Tài
Trần Văn Ơn
Lý Thái Tôn
Sư Vạn Hạnh
Quang Trung
Mạc Đĩnh Chi
Bùi Thị Xuân
Lê Thị Riêng
Bông Văn Dĩa
Lê Công Nhân
Lê Khắc Xương
Trần Văn Thời
Tôn Đức Thắng
Đỗ Thừa Luông
Trần Văn Bỉnh
Phan Bội Châu
Phan Chu Trinh
Bùi Thị Trường
Nguyễn Văn Trỗi
Trần Quang Khải
Nguyễn Đình Thi
Trần Bình Trọng
Huỳnh Ngọc Điệp
Phan Đình Phùng
Đinh Tiên Hoàng
Lê Hồng Phong
Tô Hiến Thành
Hoàng Văn Thụ
Lưu Hữu Phước"
Tỉnh Gia Lai,Huyện Chư Prông,NO,NO
Tỉnh Gia Lai,Huyện Đăk Pơ,NO,NO
Tỉnh Gia Lai,Huyện Đăk Đoa,NO,NO
Tỉnh Hà Giang,Huyện Bắc Mê,NO,NO
Tỉnh Hà Giang,Huyện Bắc Quang,NO,NO
Tỉnh Hà Giang,Huyện Vị Xuyên,NO,NO
Tỉnh Hà Giang,Thành phố Hà Giang,NO,NO
Tỉnh Hà Nam,Thành phố Phủ Lý,https://vi.wikipedia.org/wiki/Ph%E1%BB%A7_L%C3%BD#%C4%90%C6%B0%E1%BB%9Dng_ph%E1%BB%91,"Trần Phú, Trần Hưng Đạo, Lê Hoàn, Lê Lợi, Biên Hòa, Trường Chinh, Lý Thái Tổ, Lý Thường Kiệt, Lê Công Thanh, Nguyễn Viết Xuân, Nguyễn Văn Trỗi, Quy Lưu, Châu Cầu, Phạm Tất Đắc, Hàng Chuối, Kim Đồng, Xuân Diệu, Hồ Xuân Hương, Trần Quang Khải, Trần Nhật Duật, Trần Bình Trọng, Trần Tử Bình, Tân Khai, Lê Chân, Lạt Sơn, Phạm Ngọc Thạch"
Tỉnh Hà Nam,Thị xã Duy Tiên,https://vi.wikipedia.org/wiki/Duy_Ti%C3%AAn#%C4%90%C6%B0%E1%BB%9Dng_ph%E1%BB%91,"Đường Bạch Thái Bưởi
Phố Bùi Đạt
Phố Bùi Đình Thảo
Phố Cao Bá Quát
Đường Châu Giang
Phố Chế Lan Viên
Phố Chử Đồng Tử
Phố Đặng Thùy Trâm
Đường Nguyễn Tất Thành
Phố Nguyễn Công Thành
Phố Tiên Dung
Phố Phạm Đãi Đãn
Phố Lê Quý Đôn
Phố Nguyễn Thiện Thuật
Phố Trần Quốc Vượng
Phố Lê Tư Lành
Phố Nguyễn Thành Lê
Đường Võ Nguyên Giáp
Đường Nguyễn Lam
Đường Đào Văn Tập
Đường Trần Bình Trọng
Đường Lý Trần Thản
Đường Trần Thuấn Du
Đường Trần Quang Khải
Đường Nguyễn Hữu Tiến"
Tỉnh Hà Tĩnh,Thành phố Hà Tĩnh,NO,NO
Tỉnh Hà Tĩnh,Thị xã Kỳ Anh,https://vi.wikipedia.org/wiki/K%E1%BB%B3_Anh_(th%E1%BB%8B_x%C3%A3)#Giao_th%C3%B4ng,"Đại lộ Việt Lào
Lê Đại Hành
Lý Tự Trọng
Xuân Diệu
Huy Cận
Tố Hữu
Hoàng Xuân Hãn
Nguyễn Huy Tự
Chính Hữu
Nguyễn Trọng Bình
Nguyễn Huy Oánh
Nguyễn Trung Thiên"
Tỉnh Hòa Bình,Huyện Kim Bôi,NO,NO
Tỉnh Hòa Bình,Huyện Lương Sơn,NO,NO
Tỉnh Hòa Bình,Huyện Lạc Sơn,NO,NO
Tỉnh Hòa Bình,Huyện Mai Châu,NO,NO
Tỉnh Hòa Bình,Huyện Tân Lạc,NO,NO
Tỉnh Hòa Bình,Huyện Đà Bắc,NO,NO
Tỉnh Hưng Yên,Huyện Kim Động,NO,NO
Tỉnh Hưng Yên,Huyện Văn Lâm,NO,NO
Tỉnh Hải Dương,Huyện Bình Giang,NO,NO
Tỉnh Hải Dương,Huyện Cẩm Giàng,NO,NO
Tỉnh Hải Dương,Huyện Gia Lộc,NO,NO
Tỉnh Hải Dương,Huyện Kim Thành,NO,NO
Tỉnh Hải Dương,Huyện Nam Sách,NO,NO
Tỉnh Hải Dương,Huyện Thanh Hà,NO,NO
Tỉnh Hải Dương,Huyện Thanh Miện,NO,NO
Tỉnh Hải Dương,Huyện Tứ Kỳ,NO,NO
Tỉnh Hải Dương,Thành phố Chí Linh,NO,NO
Tỉnh Hải Dương,Thành phố Hải Dương,https://vi.wikipedia.org/wiki/H%E1%BA%A3i_D%C6%B0%C6%A1ng_(th%C3%A0nh_ph%E1%BB%91)#Giao_th%C3%B4ng,"Hồ Chí Minh, Trần Hưng Đạo, Nguyễn Lương Bằng, Lê Thanh Nghị, Võ Nguyên Giáp, Phạm Ngũ Lão, Trường Chinh, Thanh Niên, Thống Nhất, Ngô Quyền, Hồng Quang, Yết Kiêu, Điện Biên Phủ, Bạch Đằng, Hoàng Diệu, Nguyễn Thượng Mẫn, Chi Lăng, Cựu Thành, Hào Thành, Hoàng Hoa Thám, Bạch Năng Thi, Bùi Thị Xuân, An Thái, Phạm Ngũ Lão, Chương Dương, Tam Giang, Quang Trung, Đoàn Kết, Cẩm Thượng, Bà Triệu, Đỗ Ngọc Du, Nguyễn Trác Luân, Phú Thọ, Nguyễn Quý Tân, Nguyễn Thị Duệ, Đồng Niên, Vũ Công Đán, Vũ Hựu, Đức Minh"
Tỉnh Hải Dương,Thị xã Kinh Môn,NO,NO
Tỉnh Hậu Giang,Huyện Châu Thành,NO,NO
Tỉnh Hậu Giang,Huyện Long Mỹ,NO,NO
Tỉnh Hậu Giang,Huyện Phụng Hiệp,NO,NO
Tỉnh Hậu Giang,Thành phố Ngã Bảy,https://vi.wikipedia.org/wiki/Ng%C3%A3_B%E1%BA%A3y_(th%C3%A0nh_ph%E1%BB%91)#Giao_th%C3%B4ng,"Hùng Vương
3 Tháng 2
30 Tháng 4
Nguyễn Trãi 
Nguyễn Trung Trực
Trần Nam Phú
Trần Hưng Đạo
Lê Lợi
Lý Thường Kiệt
Mạc Đĩnh Chi
Triệu Ẩu
Bạch Đằng
Nguyễn Minh Quang
Phạm Hùng
Đoàn Văn Chia
Nguyễn Huệ
Lê Hồng Phong
Nguyễn Thị Minh Khai
Phan Đình Phùng
Châu Văn Liêm
Nguyễn Văn Nết
Nguyễn Thị Xem
Triệu Vĩnh Tường
Ngô Quyền
Nguyễn Thị Định
1 Tháng 5
Cao Thắng
Hoàng Hoa Thám
Nguyễn Du
Trương Thị Hoa"
Tỉnh Hậu Giang,Thị xã Long Mỹ,https://vi.wikipedia.org/wiki/Long_M%E1%BB%B9_(th%E1%BB%8B_x%C3%A3)#Giao_th%C3%B4ng,"3 tháng 2
30 tháng 4
Trần Phú
Ngô Quyền
Nguyễn Huệ
Nguyễn Trãi
Nguyễn Thị Minh Khai
Nguyễn Ái Quốc
Phạm Văn Nhờ
Trần Hưng Đạo
Hai Bà Trưng
Võ Thị Sáu
Nguyễn Trung Trực
Cách mạng Tháng Tám
Phạm Thị Gạo
Nguyễn Bảo Châu
Nguyễn Việt Hồng
Chiêm Thành Tấn
Nguyễn Văn Trỗi
Nguyễn Quốc Thanh"
Tỉnh Khánh Hòa,Huyện Cam Lâm,NO,NO
Tỉnh Kiên Giang,Huyện An Minh,NO,NO
Tỉnh Kiên Giang,Huyện Giồng Riềng,NO,NO
Tỉnh Kon Tum,Huyện Đắk Hà,NO,NO
Tỉnh Lai Châu,Huyện Nậm Nhùn,NO,NO
Tỉnh Lai Châu,Huyện Sìn Hồ,NO,NO
Tỉnh Long An,Huyện Bến Lức,NO,NO
Tỉnh Long An,Huyện Mộc Hóa,NO,NO
Tỉnh Long An,Huyện Thạnh Hóa,NO,NO
Tỉnh Long An,Huyện Thủ Thừa,NO,NO
Tỉnh Long An,Huyện Tân Thạnh,NO,NO
Tỉnh Long An,Huyện Vĩnh Hưng,NO,NO
Tỉnh Long An,Huyện Đức Hòa,https://vi.wikipedia.org/wiki/%C4%90%E1%BB%A9c_H%C3%B2a_(huy%E1%BB%87n)#Giao_th%C3%B4ng,"Gò Mối - Mỹ Hạnh
Đức Hòa Thượng
Đức Hòa Đông
Đường Ấp Chánh
Láng Cẩm
Lộc Giang
Châu Văn Liêm
Hiệp Hòa
Đường Hải Sơn - Tân Đức
Đường Giồng Lớn
Ranh Đức Hòa Hạ
Nguyễn Thị Hạnh
Nguyễn Thị Thọ
Trương Thị Giao
Gò Hưu
Cây Dương Tân Đức
Nguyễn Văn Dương
Số 2 Bình Lợi
Tua 7
Xóm rừng
Lập Thành
Nguyễn Trọng Thế
Võ Văn Ngân
Liêp ấp Lộc Bình
Xóm Tháp
Cặp kênh Cầu Duyên
Đường 3/2"
Tỉnh Long An,Thành phố Tân An,https://vi.wikipedia.org/wiki/T%C3%A2n_An_(th%C3%A0nh_ph%E1%BB%91)#Giao_th%C3%B4ng,"Nguyễn Huệ.
Trương Định
Nguyễn Trung Trực
Võ Văn Tần
Nguyễn Duy
Trương Công Xưởng
Phan Văn Đạt
Nguyễn Đình Chiểu
Hai Bà Trưng
Ngô Quyền
Võ Công Tồn
Cách Mạng Tháng 8
Lý Công Uẩn
Nguyễn Thái Học"
Tỉnh Lào Cai,Huyện Mường Khương,NO,NO
Tỉnh Lào Cai,Huyện Văn Bàn,NO,NO
Tỉnh Lào Cai,Thị xã Sa Pa,NO,NO
Tỉnh Lâm Đồng,Huyện Bảo Lâm,NO,NO
Tỉnh Lâm Đồng,Huyện Đức Trọng,NO,NO
Tỉnh Lâm Đồng,Thành phố Bảo Lộc,NO,NO
Tỉnh Lạng Sơn,Huyện Bình Gia,NO,NO
Tỉnh Lạng Sơn,Huyện Bắc Sơn,NO,NO
Tỉnh Lạng Sơn,Huyện Cao Lộc,NO,NO
Tỉnh Lạng Sơn,Huyện Chi Lăng,NO,NO
Tỉnh Lạng Sơn,Huyện Hữu Lũng,NO,NO
Tỉnh Lạng Sơn,Huyện Đình Lập,NO,NO
Tỉnh Nam Định,Huyện Nam Trực,NO,NO
Tỉnh Nam Định,Huyện Trực Ninh,NO,NO
Tỉnh Nghệ An,Huyện Anh Sơn,NO,NO
Tỉnh Nghệ An,Huyện Diễn Châu,NO,NO
Tỉnh Nghệ An,Huyện Kỳ Sơn,NO,NO
Tỉnh Nghệ An,Huyện Nam Đàn,NO,NO
Tỉnh Nghệ An,Huyện Nghi Lộc,NO,NO
Tỉnh Nghệ An,Huyện Quỳ Châu,NO,NO
Tỉnh Nghệ An,Huyện Thanh Chương,NO,NO
Tỉnh Nghệ An,Huyện Tương Dương,NO,NO
Tỉnh Nghệ An,Huyện Yên Thành,NO,NO
Tỉnh Nghệ An,Huyện Đô Lương,NO,NO
Tỉnh Ninh Bình,Huyện Gia Viễn,NO,NO
Tỉnh Ninh Bình,Thành phố Tam Điệp,NO,NO
Tỉnh Ninh Thuận,Huyện Ninh Hải,NO,NO
Tỉnh Ninh Thuận,Thành phố Phan Rang-Tháp Chàm,NO,NO
Tỉnh Phú Thọ,Huyện Cẩm Khê,NO,NO
Tỉnh Phú Thọ,Huyện Phù Ninh,NO,NO
Tỉnh Phú Thọ,Huyện Thanh Ba,NO,NO
Tỉnh Phú Thọ,Huyện Tân Sơn,NO,NO
Tỉnh Phú Thọ,Huyện Yên Lập,NO,NO
Tỉnh Phú Thọ,Huyện Đoan Hùng,NO,NO
Tỉnh Phú Yên,Huyện Phú Hòa,NO,NO
Tỉnh Phú Yên,Huyện Sông Hinh,NO,NO
Tỉnh Phú Yên,Huyện Tây Hòa,NO,NO
Tỉnh Phú Yên,Thành phố Tuy Hòa,NO,NO
Tỉnh Phú Yên,Thị xã Đông Hòa,NO,NO
Tỉnh Quảng Bình,Huyện Quảng Trạch,NO,NO
Tỉnh Quảng Bình,Thành Phố Đồng Hới,NO,NO
Tỉnh Quảng Bình,Thị xã Ba Đồn,NO,NO
Tỉnh Quảng Nam,Huyện Nam Trà My,NO,NO
Tỉnh Quảng Nam,Huyện Núi Thành,NO,NO
Tỉnh Quảng Nam,Huyện Phú Ninh,NO,NO
Tỉnh Quảng Nam,Thành phố Tam Kỳ,NO,NO
Tỉnh Quảng Ngãi,Huyện Bình Sơn,NO,NO
Tỉnh Quảng Ngãi,Huyện Trà Bồng,NO,NO
Tỉnh Quảng Ninh,Huyện Bình Liêu,NO,NO
Tỉnh Quảng Ninh,Huyện Hải Hà,NO,NO
Tỉnh Quảng Ninh,Huyện Tiên Yên,NO,NO
Tỉnh Quảng Ninh,Thành phố Cẩm Phả,NO,NO
Tỉnh Quảng Ninh,Thành phố Hạ Long,https://vi.wikipedia.org/wiki/H%E1%BA%A1_Long#%C4%90%C6%B0%E1%BB%9Dng_ph%E1%BB%91,"25 Tháng 4
279
30 Tháng 10
An Tiêm
Ba Đèo
Bãi Cháy
Bãi Muối
Cái Dăm
Cái Lân
Cao Thắng
Đại Yên
Đồi Cao
Đặng Bá Hát
Đồng Đăng
Giếng Đáy
Hà Lầm
Hải Quân
Hoàng Quốc Việt
Hùng Thắng
Hữu Nghị
Kênh Liêm
Khe Cá
Lê Lợi
Lê Thánh Tông
Ngọc Châu
Nguyễn Thị Minh Khai
Nguyễn Văn Cừ
Tân Lập
Tiêu Giao
Trần Hưng Đạo
Trần Phú
Trần Quốc Nghiễn
Trần Thái Tông
Tuần Châu
Tuyển Than
Vũ Văn Hiếu"
Tỉnh Quảng Ninh,Thành phố Uông Bí,"https://vi.wikipedia.org/wiki/U%C3%B4ng_B%C3%AD#C%C3%A1c_%C4%91%E1%BB%8Ba_danh,_%C4%91%C6%B0%E1%BB%9Dng_ph%E1%BB%91,_c%C3%B4ng_tr%C3%ACnh_c%C3%B4ng_c%E1%BB%99ng_t%E1%BA%A1i_U%C3%B4ng_B%C3%AD","Bạch Thái Bưởi
Bãi Soi
Cây Trâm
Lê Thanh Nghị
Lựng Xanh
Núi Gạc
Phùng Hưng
Thượng Yên Công
Yên Trung
Yên Tử"
Tỉnh Quảng Ninh,Thành phố Đông Triều,https://vi.wikipedia.org/wiki/%C4%90%C3%B4ng_Tri%E1%BB%81u#%C4%90%C6%B0%E1%BB%9Dng_ph%E1%BB%91,"Hoàng Hoa Thám
Lê Hồng Phong
Mễ Dương
Mỹ Cụ
Ngô Gia Tự
Nguyễn Bình
Nguyễn Đức Cảnh
Nguyễn Hải Thanh
Nguyễn Văn Cừ
Nguyễn Văn Đài
Nguyễn Văn Phùng
Trần Hưng Đạo
Trần Nhân Tông
Trần Quang Triều
Lê Chân
Trần Quốc Nghiễn
Hoàng Văn Thụ
Trần Quang Khải
Trần Khắc Chung
Bùi Tố Quyên"
Tỉnh Quảng Ninh,Thị xã Quảng Yên,https://vi.wikipedia.org/wiki/Qu%E1%BA%A3ng_Y%C3%AAn#%C4%90%C6%B0%E1%BB%9Dng_ph%E1%BB%91,"27 Tháng 3
An Hưng
An Lập
Bạch Đằng
Cống Cảng
Cống Mương
Cửa Khâu
Đại Thành
Đoàn Kết
Đồng Tâm
Hoàng Hoa Thám
Hồng Phong
Lê Hoàn
Lê Lợi
Mạc Đăng Dung
Mai Hòa
Ngô Quyền
Nguyễn Bình
Nguyễn Công Bao
Nguyễn Văn Thuần
Phong Hải
Phong Lưu
Quỳnh Lâu
Tân Thành
Thác Mơ
Trần Hưng Đạo
Trần Khánh Dư
Trần Nhân Tông
Vạn Triều
Văn Miếu
Vận Hưng
Vận tải Bạch Đằng
Vũ Tướng
Yên Hưng"
Tỉnh Quảng Trị,Huyện Hướng Hóa,NO,NO
Tỉnh Sóc Trăng,Huyện Châu Thành,NO,NO
Tỉnh Sóc Trăng,Huyện Long Phú,NO,NO
Tỉnh Sóc Trăng,Huyện Mỹ Tú,NO,NO
Tỉnh Sóc Trăng,Huyện Mỹ Xuyên,NO,NO
Tỉnh Sóc Trăng,Thị xã Ngã Năm,NO,NO
Tỉnh Sơn La,Huyện Mai Sơn,NO,NO
Tỉnh Sơn La,Huyện Phù Yên,NO,NO
Tỉnh Sơn La,Huyện Quỳnh Nhai,NO,NO
Tỉnh Sơn La,Huyện Sông Mã,NO,NO
Tỉnh Sơn La,Huyện Yên Châu,NO,NO
Tỉnh Sơn La,Thị xã Mộc Châu,NO,NO
Tỉnh Thanh Hóa,Huyện Bá Thước,NO,NO
Tỉnh Thanh Hóa,Huyện Hoằng Hóa,NO,NO
Tỉnh Thanh Hóa,Huyện Hà Trung,NO,NO
Tỉnh Thanh Hóa,Huyện Hậu Lộc,NO,NO
Tỉnh Thanh Hóa,Huyện Nga Sơn,NO,NO
Tỉnh Thanh Hóa,Huyện Ngọc Lặc,NO,NO
Tỉnh Thanh Hóa,Huyện Như Thanh,NO,NO
Tỉnh Thanh Hóa,Huyện Như Xuân,NO,NO
Tỉnh Thanh Hóa,Huyện Nông Cống,NO,NO
Tỉnh Thanh Hóa,Huyện Quan Sơn,NO,NO
Tỉnh Thanh Hóa,Huyện Quảng Xương,NO,NO
Tỉnh Thanh Hóa,Huyện Thiệu Hóa,NO,NO
Tỉnh Thanh Hóa,Huyện Thường Xuân,NO,NO
Tỉnh Thanh Hóa,Huyện Thạch Thành,NO,NO
Tỉnh Thanh Hóa,Huyện Thọ Xuân,NO,NO
Tỉnh Thanh Hóa,Huyện Triệu Sơn,NO,NO
Tỉnh Thanh Hóa,Huyện Vĩnh Lộc,NO,NO
Tỉnh Thanh Hóa,Thành phố Thanh Hóa,https://vi.wikipedia.org/wiki/Thanh_H%C3%B3a_(th%C3%A0nh_ph%E1%BB%91)#Danh_s%C3%A1ch_%C4%91%C6%B0%E1%BB%9Dng_ph%E1%BB%91,"Trịnh Kiểm
Nguyễn Kim
Vạn Lại - Yên Trường
Tây Đô
Bà Triệu
Trần Phú
Quang Trung
Nguyễn Thiếp
Lạc Long Quân
Âu Cơ
An Dương Vương
Lê Lai
Tống Duy Tân
Lê Hoàn
Nguyễn Trãi
Hạc Thành
Dương Đình Nghệ
Đội Cung
Lý Nhân Tông
Đào Cam Mộc
Vạn Hạnh
Đô Dương
Lý Thiên Bảo
Phú Thứ
Phan Chu Trinh
Trường Thi
Trần Hưng Đạo
Ái Sơn
Sơn Vạn
Chương Dương
Hàm Tử
Bạch Đằng
Trần Nhân Tông
Trần Bình Trọng
Yết Kiêu
Dã Tượng
Lê Niệm
Trịnh Khả
Lê Nhân Tông
Lê Thánh Tông
Lê Hiến Tông
Lê Dụ Tông
Nguyễn Phúc Chu
Thành Thái
Duy Tân
Hàm Nghi
Mai An Tiêm
Nguyễn Tĩnh
Nguyễn Duy Hiệu
Bùi Khắc Nhất
Nguyễn Công Trứ
Lê Cảo
Mật Sơn
Vệ Đà
Nguyễn Phục
Đỗ Đại
Vệ Yên
Lê Hưng
Phù Lưu
Ngô Thuyền
Lê Huy Toán
Hà Huy Tập
Hải Thượng Lãn Ông
Nguyễn Hữu Cảnh
Trịnh Huy Quang
Nguyễn Đình Thuần
Trường Xuân
Hoàng Nghiêu
Lê Chủ
Nguyễn Thị Lợi
Định Hòa
Đại Khối
Lê Thành
Đình Hương
Dương Xá
Tư Phố
Trịnh Thế Lợi
Yên Ngựa
Phượng Hoàng
Kim Quy
Nguyễn Chí Thanh
Văn Tiến Dũng
Nguyễn Đình Ngân
Trường Chinh
Võ Chí Công
Phạm Văn Đồng
Tố Hữu
Nguyễn Doãn Chấp
Võ Nguyên Giáp
Vĩnh Yên
Ngọc Mai
Thanh Chương
Đồng Cuốn
Đồng Khoai
Chi Lăng
Lê Lợi
Nguyễn Hoàng
Hùng Vương
Nam Sông Mã"
Tỉnh Thanh Hóa,Thị xã Bỉm Sơn,NO,NO
Tỉnh Thái Bình,Huyện Vũ Thư,NO,NO
Tỉnh Thái Nguyên,Huyện Phú Bình,NO,NO
Tỉnh Thái Nguyên,Huyện Đồng Hỷ,https://vi.wikipedia.org/wiki/%C4%90%E1%BB%93ng_H%E1%BB%B7_(huy%E1%BB%87n)#Giao_th%C3%B4ng,"Lê Quý Đôn
Lý Thái Tổ
Điện Biên Phủ
Đại Đoàn Kết
Linh Nham
Võ Thị Sáu
Trường Chinh
Núi Voi
Phạm Văn Đồng
Nguyễn Huệ
Ngô Quyền
Minh Khai
Trần Quốc Tuấn
Chiến Thắng
Thống Nhất
3 tháng 2
Hồng Thái
Nguyễn Trãi
Phố Hích
Trại Cài
Tân Lập
Khởi Nghĩa
Lê Lợi
Đổi Mới
Nguyễn Ái Quốc
Quang Trung
Chu Văn An
Trần Hưng Đạo
Hùng Vương thứ 18
Cách mạng tháng tám
Hoàng Diệu"
Tỉnh Thái Nguyên,Thành phố Thái Nguyên,https://vi.wikipedia.org/wiki/Th%C3%A1i_Nguy%C3%AAn_(th%C3%A0nh_ph%E1%BB%91)#Giao_th%C3%B4ng,"Thanh Niên
Thanh Niên
Hữu Nghị 1
Hữu Nghị 2
Núi Voi
3 tháng 2
Bắc Kạn
Bắc Nam
Bắc Sơn
Bến Oánh
Bến Tượng
Phùng Chí Kiên
Cách mạng tháng Tám
Dương Tự Minh
Đê Nông Lâm
Đội Cấn
Đồng Bẩm
Đường Khu Nam ĐH Sư phạm Thái Nguyên
Ga Quan Triều
Ga Lưu Xá
Gia Sàng
Hoàng Ngân
Hoàng Văn Thụ
Hùng Vương
Hương Sơn
Lê Hữu Trác
Lê Quý Đôn
Lương Ngọc Quyến
Lương Thế Vinh
Lưu Nhân Chú
Minh Cầu
Mỏ Bạch
Nguyễn Du
Nha Trang
Phan Đình Phùng
Phố Hương
Phú Thái
Phủ Liễn
Phú Xá
Phúc Hà
Quang Trung
Quang Vinh
Tân Quang
Tân Thành
Tân Thịnh
Thịnh Đức
Thống Nhất
Tích Lương
Túc Duyên
Tố Hữu
Việt Bắc
Xuân Hòa
Z115"
Tỉnh Tiền Giang,Huyện Gò Công Tây,NO,NO
Tỉnh Tiền Giang,Huyện Gò Công Đông,NO,NO
Tỉnh Tiền Giang,Huyện Tân Phú Đông,NO,NO
Tỉnh Tiền Giang,Huyện Tân Phước,NO,NO
Tỉnh Tiền Giang,Thành phố Mỹ Tho,https://vi.wikipedia.org/wiki/M%E1%BB%B9_Tho_(th%C3%A0nh_ph%E1%BB%91)#%C4%90%C6%B0%E1%BB%9Dng_ph%E1%BB%91,"30 tháng 4
Âu Dương Lân
Ấp Bắc
Cô Giang
Diệp Minh Tuyền
Dương Khuy
Đại lộ Hùng Vương
Đặng Minh Nhuận
Đinh Bộ Lĩnh
Đoàn Giỏi
Đoàn Thị Nghiệp
Đỗ Văn Thống
Đỗ Quang
Đốc Binh Kiều
Đống Đa
Gò Cát
Giồng Dứa
Học Lạc
Hoàng Diệu
Hoàng Hoa Thám
Hoàng Sa
Hoàng Việt
Hồ Bé
Hồ Văn Ngà
Hồ Văn Nhánh
Huyện Toại
Huỳnh Tịnh Của
Ký Con
Lãnh Binh Cẩn
Lê Chân
Lê Đại Hành
Lê Lợi
Lê Thị Hồng Gấm
Lê Thị Phỉ
Lê Văn Duyệt
Lê Văn Nghề
Lê Văn Phẩm
Lê Văn Thạnh
Lê Việt Thắng
Lý Công Uẩn
Lý Thường Kiệt
Mỹ Chánh
Nam Kỳ Khởi Nghĩa
Ngô Gia Tự (Đường tỉnh 864)
Ngô Quyền
Nguyễn An Ninh
Nguyễn Bỉnh Khiêm
Nguyễn Công Bình
Nguyễn Huệ
Nguyễn Huỳnh Đức
Nguyễn Hữu Trí
Nguyễn Minh Đường
Nguyễn Ngọc Ba
Nguyễn Tử Vân
Nguyễn Thị Minh Khai
Nguyễn Thị Thập (Quốc lộ 60)
Nguyễn Tri Phương
Nguyễn Trung Trực
Nguyễn Quân
Nguyễn Sáng
Nguyễn Văn Giác (hay Anh Giác)
Nguyễn Văn Nguyễn
Phạm Hùng (Đường tỉnh 870B)
Phạm Thanh
Phan Bội Châu
Phan Lương Trực
Phan Hiển Đạo
Phan Thanh Giản
Phan Văn Khỏe
Phan Văn Trị
Phùng Há
Quốc lộ 1
Quốc lộ 50
Đường tỉnh 870
Rạch Gầm
Sơn Nam
Tết Mậu Thân
Thái Văn Đẩu
Thái Sanh Hạnh
Thiên Hộ Dương
Thủ Khoa Huân
Trần Ngọc Giải
Trần Nguyên Hãn
Trần Hưng Đạo
Trần Quốc Toản
Trần Thị Sanh
Trần Thị Thơm
Trần Văn Hiển
Trịnh Hoài Đức
Trịnh Văn Quảng
Trưng Trắc
Trưng Nhị
Trương Định
Trương Thành Công
Trương Vĩnh Ký
Trường Sa
Trừ Văn Thố
Võ Nguyên Giáp (Đường bờ kè sông Tiền)
Võ Tánh
Vũ Mạnh
Xóm Dầu
Yersin"
Tỉnh Tiền Giang,Thị xã Cai Lậy,NO,NO
Tỉnh Trà Vinh,Huyện Tiểu Cần,NO,NO
Tỉnh Tuyên Quang,Huyện Hàm Yên,NO,NO
Tỉnh Tuyên Quang,Huyện Yên Sơn,NO,NO
Tỉnh Tuyên Quang,Thành phố Tuyên Quang,NO,NO
Tỉnh Tây Ninh,Huyện Châu Thành,NO,NO
Tỉnh Tây Ninh,Huyện Dương Minh Châu,NO,NO
Tỉnh Tây Ninh,Huyện Gò Dầu,NO,NO
Tỉnh Tây Ninh,Huyện Tân Biên,NO,NO
Tỉnh Tây Ninh,Huyện Tân Châu,NO,NO
Tỉnh Tây Ninh,Thành phố Tây Ninh,NO,NO
Tỉnh Vĩnh Long,Huyện Bình Tân,NO,NO
Tỉnh Vĩnh Long,Huyện Mang Thít,NO,NO
Tỉnh Vĩnh Long,Huyện Tam Bình,NO,NO
Tỉnh Vĩnh Long,Huyện Trà Ôn,NO,NO
Tỉnh Vĩnh Long,Thị xã Bình Minh,NO,NO
Tỉnh Vĩnh Phúc,Huyện Lập Thạch,NO,NO
Tỉnh Vĩnh Phúc,Huyện Sông Lô,NO,NO
Tỉnh Vĩnh Phúc,Huyện Tam Đảo,NO,NO
Tỉnh Yên Bái,Huyện Mù Căng Chải,NO,NO
Tỉnh Yên Bái,Huyện Trấn Yên,NO,NO
Tỉnh Điện Biên,Huyện Tuần Giáo,NO,NO
Tỉnh Điện Biên,Huyện Điện Biên,NO,NO
Tỉnh Đắk Lắk,Huyện Cư Kuin,NO,NO
Tỉnh Đắk Lắk,Huyện Cư M'gar,NO,NO
Tỉnh Đắk Lắk,Huyện Krông Pắc,NO,NO
Tỉnh Đắk Lắk,Thị Xã Buôn Hồ,NO,NO
Tỉnh Đắk Nông,Huyện Krông Nô,NO,NO
Tỉnh Đồng Nai,Huyện Nhơn Trạch,https://vi.wikipedia.org/wiki/Nh%C6%A1n_Tr%E1%BA%A1ch_(huy%E1%BB%87n)#Giao_th%C3%B4ng,"Lý Thái Tổ
Tôn Đức Thắng
Nguyễn Ái Quốc
Trần Phú
Quách Thị Trang
Trần Văn Trà
Hùng Vương
Nguyễn Văn Ký
Lê Hồng Phong
Nguyễn Hữu Cảnh
Huỳnh Thúc Kháng
Nguyễn Văn Cừ
Phạm Thái Bường
Võ Thị Sáu
Lý Tự Trọng
Nguyễn Văn Trị
Phan Văn Đáng
Cây Dầu
Trần Thị Nhạt
Đào Thị Phấn
Nguyễn Thị Chơn
Phạm Văn Xô
Hà Huy Tập
Huỳnh Văn Nghệ
Huỳnh Văn Lũy
Trần Nam Trung
Dương Văn Thì
Hòa Bình
Phạm Văn Thuận
Phạm Ngọc Thạch
Vũ Hồng Phô
Nguyễn Văn Trỗi
Ngô Gia Tự
Hoàng Minh Châu
Nguyễn An Ninh
Lê Đức Thọ
Hoàng Văn Thụ
Phan Đăng Lưu
Thích Quảng Đức
Hồ Tùng Mậu
Nguyễn Kim Quy
Trần Văn Ơn
Nguyễn Bỉnh Khiêm
Giồng Sắn
Kim Đồng
Lý Thường Kiệt
Vườn Chuối
Cộng đồng
Chòm Dầu
Bến Chùa
Liên ấp Bến Sắn - Bến Cam
Liên xã Phú Đông Vĩnh Thanh
Liên xã Phước Thiền - Hiệp Phước
Lê Duẩn
Trường Chinh
Võ Văn Tần
Nguyễn Thị Minh Khai
Phạm Văn Đồng
Tạ Quang Bửu
Nguyễn Chí Thanh
Nguyễn Văn Linh
Phạm Hùng
Nguyễn Thị Định
Võ Văn Kiệt
Trần Đại Nghĩa
Nguyễn Hữu Thọ
Huỳnh Tấn Phát
Formosa"
Tỉnh Đồng Nai,Huyện Tân Phú,NO,NO
Tỉnh Đồng Nai,Huyện Vĩnh Cửu,NO,NO
Tỉnh Đồng Nai,Huyện Xuân Lộc,NO,NO
Tỉnh Đồng Tháp,Huyện Cao Lãnh,NO,NO
Tỉnh Đồng Tháp,Huyện Hồng Ngự,NO,NO
Tỉnh Đồng Tháp,Huyện Lai Vung,NO,NO
Tỉnh Đồng Tháp,Huyện Thanh Bình,NO,NO
Tỉnh Đồng Tháp,Huyện Tháp Mười,NO,NO
Tỉnh Đồng Tháp,Thành phố Sa Đéc,https://vi.wikipedia.org/wiki/Sa_%C4%90%C3%A9c_(th%C3%A0nh_ph%E1%BB%91)#Giao_th%C3%B4ng,"Quốc lộ 80
Vành đai Quốc lộ 80
Quốc lộ 80B
vành đai Tây Bắc
ĐT848
ĐT852
ĐT852B
ĐT853
Hùng Vương
Trần Thị Nhượng
Nguyễn Sinh Sắc
Nguyễn Huệ
Trần Hưng Đạo
Nguyễn Tất Thành
Trần Phú
Nguyễn Cư Trinh
Tôn Đức Thắng
Nguyễn Văn Phát
Phan Bội Châu
Lý Thường Kiệt
Lê Lợi
Lê Thánh Tôn
Lạc Long Quân
Âu Cơ
Ngô Gia Tự
Sa Nhiên
Phạm Hữu Lầu
Hồ Tùng Mậu
Đinh Tiên Hoàng
Nguyễn Hữu Cảnh
Nguyễn Thái Bình
Nguyễn Chí Thanh
Lê Duẩn
Nguyễn Thị Minh Khai
Võ Văn Phát
Hoàng Sa
Trường Sa
Trần Văn Voi
Lê Thị Riêng"
