address,latitude,longitude,bounds,geo_address
"Quận Ba Đình, Thành phố Hà Nội",21.035852,105.826094,"21.016004,105.801279 – 21.053565,105.857015","Ba Đình, Hanoi, Vietnam"
"Quận Hoàn Kiếm, Thành phố Hà Nội",21.027266,105.855451,"21.018081,105.840612 – 21.042733,105.86776","Hoàn Kiếm, Hanoi, Vietnam"
"Quận Tây Hồ, Thành phố Hà Nội",21.073802,105.823159,"21.039578,105.791655 – 21.097916,105.849154","Tây Hồ, Hanoi, Vietnam"
"Quận Long Biên, Thành phố Hà Nội",21.038676,105.887749,"20.99433,105.841669 – 21.081584,105.938928","Long Biên, Hanoi, Vietnam"
"Quận Cầu Giấy, Thành phố Hà Nội",21.027601,105.790872,"21.001058,105.767808 – 21.059235,105.813539","Cầu Giấy, Hanoi, Vietnam"
"Quận Đống Đa, Thành phố Hà Nội",21.014732,105.834901,"20.997292,105.797593 – 21.03195,105.84271","Đống Đa, Hanoi, Vietnam"
"Quận Hai Bà Trưng, Thành phố Hà Nội",21.004087,105.855451,"20.991023,105.840808 – 21.022419,105.882924","Hai Bà Trưng District, Hanoi, Vietnam"
"Quận Hoàng Mai, Thành phố Hà Nội",20.971381,105.864259,"20.945608,105.807367 – 21.002336,105.909127","Hoàng Mai, Hanoi, Vietnam"
"Quận Thanh Xuân, Thành phố Hà Nội",20.993777,105.811418,"20.980704,105.792287 – 21.00887,105.842833","Thanh Xuân, Hanoi, Vietnam"
"Huyện Sóc Sơn, Thành phố Hà Nội",21.262257,105.852515,"21.177029,105.723192 – 21.385278,105.93882","Soc Son, Hanoi, Vietnam"
"Huyện Đông Anh, Thành phố Hà Nội",21.123164,105.852515,"21.066728,105.733322 – 21.206658,105.926549","Đông Anh, Hanoi, Vietnam"
"Huyện Gia Lâm, Thành phố Hà Nội",21.031939,105.958237,"20.926328,105.880257 – 21.121305,106.020073","Gia Lâm, Hanoi, Vietnam"
"Quận Nam Từ Liêm, Thành phố Hà Nội",21.003461,105.770329,"20.979107,105.726194 – 21.056525,105.79838","Nam Từ Liêm, Hanoi, Vietnam"
"Huyện Thanh Trì, Thành phố Hà Nội",20.927252,105.840772,"20.895464,105.788133 – 20.987775,105.913109","Thanh Trì, Hanoi, Vietnam"
"Quận Bắc Từ Liêm, Thành phố Hà Nội",21.07302,105.770329,"21.037956,105.717182 – 21.104867,105.805063","Bac Tu Liem, Hanoi, Vietnam"
"Huyện Mê Linh, Thành phố Hà Nội",21.182938,105.711646,"21.121658,105.615143 – 21.239631,105.791923","Mê Linh, Hanoi, Vietnam"
"Quận Hà Đông, Thành phố Hà Nội",20.95709,105.770329,"20.910864,105.705383 – 20.996885,105.804397","Hà Đông, Hanoi, Vietnam"
"Thị xã Sơn Tây, Thành phố Hà Nội",21.116226,105.495325,"21.020655,105.41202 – 21.170981,105.539092","Sơn Tây, Son Tay, Hanoi, Vietnam"
"Huyện Ba Vì, Thành phố Hà Nội",21.120847,105.383381,"21.007453,105.284899 – 21.303878,105.474009","Ba Vì, Hanoi, Vietnam"
"Huyện Phúc Thọ, Thành phố Hà Nội",21.113904,105.582612,"21.040237,105.50073 – 21.179345,105.665259","Phúc Thọ, Hanoi, Vietnam"
"Huyện Đan Phượng, Thành phố Hà Nội",21.105085,105.676446,"21.065907,105.623363 – 21.17528,105.739659","Đan Phượng, Hanoi, Vietnam"
"Huyện Hoài Đức, Thành phố Hà Nội",21.033292,105.699912,"20.955485,105.645986 – 21.090239,105.743209","Hoài Đức District, Hanoi, Vietnam"
"Huyện Quốc Oai, Thành phố Hà Nội",20.972504,105.606066,"20.910104,105.479936 – 21.046325,105.725718","Quốc Oai, Hanoi, Vietnam"
"Huyện Thạch Thất, Thành phố Hà Nội",21.025467,105.535714,"20.945734,105.391916 – 21.101961,105.639769","Thạch Thất, Hanoi, Vietnam"
"Huyện Chương Mỹ, Thành phố Hà Nội",20.862652,105.664714,"20.792432,105.549848 – 20.964556,105.761223","Chương Mỹ, Hanoi, Vietnam"
"Huyện Thanh Oai, Thành phố Hà Nội",20.864354,105.770329,"20.780264,105.726389 – 20.939509,105.841585","Thanh Oai, Hanoi, Vietnam"
"Huyện Thường Tín, Thành phố Hà Nội",20.8555,105.864259,"20.751992,105.812437 – 20.912195,105.936212","Thường Tín, Hanoi, Vietnam"
"Huyện Phú Xuyên, Thành phố Hà Nội",20.735203,105.911242,"20.650383,105.791696 – 20.807346,106.002933","Phú Xuyên, Hanoi, Vietnam"
"Huyện Ứng Hòa, Thành phố Hà Nội",20.710382,105.805547,"20.611882,105.696934 – 20.809591,105.905672","Ứng Hòa, Hanoi, Vietnam"
"Huyện Mỹ Đức, Thành phố Hà Nội",20.672781,105.711646,"20.564515,105.648311 – 20.829908,105.812981","Mỹ Đức, Hanoi, Vietnam"
"Thành phố Hà Giang, Tỉnh Hà Giang",22.802559,104.978449,"22.667878,104.865618 – 22.877599,105.132465","Hà Giang, Vietnam"
"Huyện Đồng Văn, Tỉnh Hà Giang",23.224672,105.242885,"23.091829,105.121603 – 23.39265,105.408576","Đồng Văn District, Hà Giang, Vietnam"
"Huyện Mèo Vạc, Tỉnh Hà Giang",23.134105,105.453672,"22.987946,105.3002 – 23.314035,105.57408","Mèo Vạc District, Hà Giang, Vietnam"
"Huyện Yên Minh, Tỉnh Hà Giang",22.966945,105.266293,"22.872447,104.956777 – 23.266877,105.384658","Yên Minh District, Hà Giang, Vietnam"
"Huyện Quản Bạ, Tỉnh Hà Giang",23.087186,104.985618,"22.941855,104.801136 – 23.192311,105.143268","Quản Bạ District, Hà Giang, Vietnam"
"Huyện Vị Xuyên, Tỉnh Hà Giang",22.724134,104.892167,"22.482866,104.724456 – 23.043358,105.159657","Vị Xuyên District, Hà Giang, Vietnam"
"Huyện Bắc Mê, Tỉnh Hà Giang",22.781148,105.266293,"22.603955,105.051435 – 22.92125,105.499941","Bắc Mê District, Hà Giang, Vietnam"
"Huyện Hoàng Su Phì, Tỉnh Hà Giang",22.741717,104.705431,"22.532934,104.523834 – 22.85361,104.814991","Hoàng Su Phì District, Hà Giang, Vietnam"
"Huyện Xín Mần, Tỉnh Hà Giang",22.665916,104.518921,"22.461637,104.335331 – 22.806947,104.621312","Xín Mần District, Hà Giang, Vietnam"
"Huyện Bắc Quang, Tỉnh Hà Giang",22.445025,104.892167,"22.16556,104.723199 – 22.622633,105.117801","Bắc Quang District, Hà Giang, Vietnam"
"Huyện Quang Bình, Tỉnh Hà Giang",22.462439,104.705431,"22.197024,104.448633 – 22.571949,104.794214","Quảng Bình District, Hà Giang, Vietnam"
"Thành phố Cao Bằng, Tỉnh Cao Bằng",22.666637,106.263985,"22.607981,106.200921 – 22.703488,106.311469","Cao Bằng, Cao Bang, Vietnam"
"Huyện Bảo Lâm, Tỉnh Cao Bằng",22.855622,105.453672,"22.633212,105.271542 – 23.118125,105.647727","Bảo Lâm District, Cao Bằng, Cao Bang, Vietnam"
"Huyện Bảo Lạc, Tỉnh Cao Bằng",22.920268,105.735117,"22.669034,105.54526 – 23.081504,105.881551","Bảo Lạc District, Cao Bang, Vietnam"
"Huyện Hà Quảng, Tỉnh Cao Bằng",22.90254,106.134571,"22.789171,105.955359 – 23.000967,106.265921","Hà Quảng District, Cao Bang, Vietnam"
"Huyện Trùng Khánh, Tỉnh Cao Bằng",22.811772,106.558407,"22.702394,106.399317 – 22.948712,106.735752","Trùng Khánh District, Cao Bang, Vietnam"
"Huyện Hạ Lang, Tỉnh Cao Bằng",22.729872,106.676292,"22.575458,106.554165 – 22.848379,106.837373","Hạ Lang District, Cao Bang, Vietnam"
"Huyện Quảng Hòa, Tỉnh Cao Bằng",22.68299,106.464146,"22.548061,106.347605 – 22.792891,106.580206","Quảng Hòa District, Cao Bang, Vietnam"
"Huyện Hòa An, Tỉnh Cao Bằng",22.758749,106.18162,"22.512994,106.015044 – 22.86006,106.405741","Hòa An District, Cao Bang, Vietnam"
"Huyện Nguyên Bình, Tỉnh Cao Bằng",22.623086,105.92299,"22.494033,105.729174 – 22.800617,106.175172","Nguyên Bình District, Cao Bang, Vietnam"
"Huyện Thạch An, Tỉnh Cao Bằng",22.466356,106.322834,"22.356923,106.095909 – 22.603501,106.567922","Thạch An District, Cao Bang, Vietnam"
"Thành Phố Bắc Kạn, Tỉnh Bắc Kạn",22.144269,105.834543,"22.054248,105.77484 – 22.212748,105.930532","Bắc Kạn, Vietnam"
"Huyện Pác Nặm, Tỉnh Bắc Kạn",22.62584,105.664714,"22.47816,105.528904 – 22.739601,105.780416","Pác Nặm District, Bắc Kạn, Vietnam"
"Huyện Ba Bể, Tỉnh Bắc Kạn",22.363689,105.735117,"22.269117,105.548615 – 22.550772,105.906325","Ba Bể District, Bắc Kạn, Vietnam"
"Huyện Ngân Sơn, Tỉnh Bắc Kạn",22.428179,106.016997,"22.28312,105.851919 – 22.576828,106.184799","Ngân Sơn, Bắc Kạn, Vietnam"
"Huyện Bạch Thông, Tỉnh Bắc Kạn",22.236079,105.852515,"22.085397,105.653262 – 22.315948,106.0512","Bạch Thông District, Bắc Kạn, Vietnam"
"Huyện Chợ Đồn, Tỉnh Bắc Kạn",22.196499,105.547437,"21.955652,105.431119 – 22.419269,105.73076","Chợ Đồn District, Bắc Kạn, Vietnam"
"Huyện Chợ Mới, Tỉnh Bắc Kạn",21.983338,105.82903,"21.804335,105.694461 – 22.124901,106.026128","Chợ Mới District, Bắc Kạn, Vietnam"
"Huyện Na Rì, Tỉnh Bắc Kạn",22.14066,106.11105,"21.937576,105.928354 – 22.386819,106.247003","Na Rì District, Bắc Kạn, Vietnam"
"Thành phố Tuyên Quang, Tỉnh Tuyên Quang",21.776725,105.22802,"21.700817,105.174522 – 21.865362,105.293183","Tuyên Quang, Vietnam"
"Huyện Lâm Bình, Tỉnh Tuyên Quang",22.502403,105.266293,"22.317834,105.072658 – 22.69597,105.40217","Lâm Bình, Tuyên Quang, Vietnam"
"Huyện Na Hang, Tỉnh Tuyên Quang",22.484209,105.453672,"22.255177,105.258536 – 22.640795,105.598308","Na Hang District, Tuyên Quang, Vietnam"
"Huyện Chiêm Hóa, Tỉnh Tuyên Quang",22.130677,105.266293,"21.940988,104.994553 – 22.397048,105.493547","Chiêm Hoá District, Tuyên Quang, Vietnam"
"Huyện Hàm Yên, Tỉnh Tuyên Quang",22.157165,104.985618,"21.839711,104.848598 – 22.350768,105.162338","Hàm Yên District, Tuyên Quang, Vietnam"
"Huyện Yên Sơn, Tỉnh Tuyên Quang",21.944799,105.266293,"21.658601,105.056573 – 22.069347,105.555688","Yên Sơn District, Tuyên Quang, Vietnam"
"Huyện Sơn Dương, Tỉnh Tuyên Quang",21.657181,105.359957,"21.497589,105.226218 – 21.846118,105.542517","Sơn Dương District, Tuyên Quang, Vietnam"
"Thành phố Lào Cai, Tỉnh Lào Cai",22.476617,103.979572,"22.31066,103.896219 – 22.52624,104.062754","Lào Cai, Lao Cai, Vietnam"
"Huyện Bát Xát, Tỉnh Lào Cai",22.553934,103.682586,"22.396306,103.530412 – 22.797784,103.961881","Bát Xát District, Lao Cai, Vietnam"
"Huyện Mường Khương, Tỉnh Lào Cai",22.678531,104.123367,"22.526109,104.005453 – 22.844861,104.271126","Mường Khương District, Lao Cai, Vietnam"
"Huyện Si Ma Cai, Tỉnh Lào Cai",22.665984,104.262851,"22.585574,104.175081 – 22.741692,104.363295","Si Ma Cai District, Lao Cai, Vietnam"
"Huyện Bắc Hà, Tỉnh Lào Cai",22.496547,104.332644,"22.324245,104.16579 – 22.67945,104.466484","Bắc Hà District, Lao Cai, Vietnam"
"Huyện Bảo Thắng, Tỉnh Lào Cai",22.3267,104.146605,"22.198587,104.001991 – 22.560307,104.330526","Bảo Thắng District, Lao Cai, Vietnam"
"Huyện Bảo Yên, Tỉnh Lào Cai",22.27633,104.44904,"22.086353,104.208532 – 22.50297,104.628655","Bảo Yên District, Lao Cai, Vietnam"
"Thị xã Sa Pa, Tỉnh Lào Cai",22.249717,103.960809,"22.137312,103.728781 – 22.492863,104.084042","Sa Pa, Lao Cai, Vietnam"
"Huyện Văn Bàn, Tỉnh Lào Cai",22.089411,104.193092,"21.875113,103.935844 – 22.253004,104.432207","Văn Bàn District, Lao Cai, Vietnam"
"Thành phố Điện Biên Phủ, Tỉnh Điện Biên",21.40639,103.032155,"21.367262,102.991751 – 21.460582,103.090589","Điện Biên Phủ, Dien Bien, Vietnam"
"Thị Xã Mường Lay, Tỉnh Điện Biên",22.049873,103.163499,"21.960082,103.043861 – 22.101864,103.190031","Mường Lay, Dien Bien, Vietnam"
"Huyện Mường Nhé, Tỉnh Điện Biên",22.184116,102.483921,"21.978334,102.144018 – 22.54805,102.761982","Mường Nhé District, Dien Bien, Vietnam"
"Huyện Mường Chà, Tỉnh Điện Biên",21.852257,103.127904,"21.585726,102.972823 – 22.069864,103.304091","Mường Chà District, Dien Bien, Vietnam"
"Huyện Tủa Chùa, Tỉnh Điện Biên",21.923201,103.404945,"21.784547,103.250536 – 22.156508,103.519119","Tủa Chùa District, Dien Bien, Vietnam"
"Huyện Tuần Giáo, Tỉnh Điện Biên",21.642702,103.404945,"21.426333,103.139234 – 21.864111,103.598795","Tuần Giáo District, Dien Bien, Vietnam"
"Huyện Điện Biên, Tỉnh Điện Biên",21.204477,103.035694,"20.892692,102.807843 – 21.617746,103.298973","Điện Biên District, Dien Bien, Vietnam"
"Huyện Điện Biên Đông, Tỉnh Điện Biên",21.283509,103.220183,"21.028747,103.067387 – 21.437524,103.440883","Điện Biên Đông District, Dien Bien, Vietnam"
"Huyện Mường Ảng, Tỉnh Điện Biên",21.564144,103.220183,"21.402357,103.104561 – 21.6319,103.414104","Mường Ảng District, Dien Bien, Vietnam"
"Huyện Nậm Pồ, Tỉnh Điện Biên",21.881525,102.759485,"21.653658,102.499951 – 22.117286,103.026933","Nam Po, Dien Bien, Vietnam"
"Thành phố Lai Châu, Tỉnh Lai Châu",22.386223,103.470263,"22.342217,103.354225 – 22.432292,103.525114","Lai Châu, Lai Chau, Vietnam"
"Huyện Tam Đường, Tỉnh Lai Châu",22.349705,103.61312,"22.168228,103.416586 – 22.49148,103.781853","Tam Đường District, Lai Chau, Vietnam"
"Huyện Mường Tè, Tỉnh Lai Châu",22.400379,102.713512,"22.166967,102.320669 – 22.780852,102.986228","Mường Tè District, Lai Chau, Vietnam"
"Huyện Sìn Hồ, Tỉnh Lai Châu",22.211371,103.31253,"21.969214,103.070448 – 22.531929,103.591914","Sìn Hồ District, Lai Chau, Vietnam"
"Huyện Phong Thổ, Tỉnh Lai Châu",22.577634,103.404945,"22.414222,103.133916 – 22.811256,103.59549","Phong Thổ District, Lai Chau, Vietnam"
"Huyện Than Uyên, Tỉnh Lai Châu",21.892211,103.775263,"21.684461,103.667279 – 22.081578,103.985314","Than Uyên District, Lai Chau, Vietnam"
"Huyện Tân Uyên, Tỉnh Lai Châu",22.086885,103.682586,"21.949189,103.532395 – 22.303043,103.944188","Tân Uyên District, Lai Chau, Vietnam"
"Huyện Nậm Nhùn, Tỉnh Lai Châu",22.234058,103.035694,"22.026918,102.736976 – 22.486034,103.199475","Nam Nhun, Lai Chau, Vietnam"
"Thành phố Sơn La, Tỉnh Sơn La",21.326902,103.914387,"21.245013,103.802525 – 21.444199,104.028308","Sơn La, Son La, Vietnam"
"Huyện Quỳnh Nhai, Tỉnh Sơn La",21.713204,103.682586,"21.521779,103.479925 – 22.0284,103.823575","Quỳnh Nhai District, Son La, Vietnam"
"Huyện Thuận Châu, Tỉnh Sơn La",21.43295,103.682586,"21.199974,103.33003 – 21.629066,103.99511","Thuận Châu District, Son La, Vietnam"
"Huyện Mường La, Tỉnh Sơn La",21.495112,104.053676,"21.309079,103.755248 – 21.742832,104.34045","Mường La District, Son La, Vietnam"
"Huyện Bắc Yên, Tỉnh Sơn La",21.276555,104.425753,"21.005924,104.168984 – 21.438633,104.573138","Bắc Yên District, Son La, Vietnam"
"Huyện Phù Yên, Tỉnh Sơn La",21.158895,104.705431,"21.027049,104.486741 – 21.422724,104.914414","Phù Yên District, Son La, Vietnam"
"Thị xã Mộc Châu, Tỉnh Sơn La",20.8445,104.641293,"20.834628,104.582162 – 20.872125,104.652071","Mộc Châu town, Mộc Châu District, Son La, Vietnam"
"Huyện Yên Châu, Tỉnh Sơn La",21.005001,104.332644,"20.798014,104.11757 – 21.185848,104.547914","Yên Châu District, Son La, Vietnam"
"Huyện Mai Sơn, Tỉnh Sơn La",21.12191,104.053676,"20.958818,103.697428 – 21.378427,104.292848","Mai Sơn District, Son La, Vietnam"
"Huyện Sông Mã, Tỉnh Sơn La",21.059325,103.682586,"20.847433,103.396362 – 21.351526,104.070198","Sông Mã District, Son La, Vietnam"
"Huyện Sốp Cộp, Tỉnh Sơn La",20.887452,103.497426,"20.660972,103.211996 – 21.0981,103.804645","Sốp Cộp District, Son La, Vietnam"
"Huyện Vân Hồ, Tỉnh Sơn La",20.793105,104.763762,"20.750014,104.661984 – 20.822314,104.812489","Vân Hồ, Vân Hồ District, Son La, Vietnam"
"Thành phố Yên Bái, Tỉnh Yên Bái",21.716769,104.898588,"21.651926,104.820303 – 21.792759,104.954403","Yên Bái, Vietnam"
"Thị xã Nghĩa Lộ, Tỉnh Yên Bái",21.601877,104.506265,"21.564784,104.452086 – 21.632936,104.530706","Nghĩa Lộ, Yên Bái, Vietnam"
"Huyện Lục Yên, Tỉnh Yên Bái",22.090005,104.705431,"21.930559,104.562519 – 22.291865,104.881963","Lục Yên District, Yên Bái, Vietnam"
"Huyện Văn Yên, Tỉnh Yên Bái",21.869843,104.565527,"21.661602,104.339703 – 22.200284,104.792932","Văn Yên District, Yên Bái, Vietnam"
"Huyện Mù Căng Chải, Tỉnh Yên Bái",21.767005,104.146605,"21.642587,103.886237 – 21.966803,104.417877","Mù Cang Chải District, Yên Bái, Vietnam"
"Huyện Trấn Yên, Tỉnh Yên Bái",21.616008,104.798771,"21.530978,104.649056 – 21.878478,104.938453","Trấn Yên District, Yên Bái, Vietnam"
"Huyện Trạm Tấu, Tỉnh Yên Bái",21.462939,104.425753,"21.351131,104.276719 – 21.669032,104.662393","Tram Tau, Yên Bái, Vietnam"
"Huyện Văn Chấn, Tỉnh Yên Bái",21.429843,104.798771,"21.32592,104.267758 – 21.813464,104.912432","Văn Chấn District, Yên Bái, Vietnam"
"Huyện Yên Bình, Tỉnh Yên Bái",21.760588,105.061587,"21.745206,105.048082 – 21.795028,105.080651","Yên Bình District, Yên Bái, Vietnam"
"Thành phố Hòa Bình, Tỉnh Hòa Bình",20.827515,105.339079,"20.743388,105.261937 – 20.941235,105.388335","Hoa Binh, Vietnam"
"Huyện Đà Bắc, Tỉnh Hòa Bình",20.838155,105.172682,"20.751328,104.852625 – 21.112768,105.313293","Đà Bắc District, Hoa Binh, Vietnam"
"Huyện Lương Sơn, Tỉnh Hòa Bình",20.829319,105.523991,"20.614842,105.424536 – 20.948736,105.686557","Lương Sơn, Hoa Binh, Vietnam"
"Huyện Kim Bôi, Tỉnh Hòa Bình",20.690113,105.523991,"20.522269,105.369393 – 20.828453,105.685607","Kim Bôi District, Hoa Binh, Vietnam"
"Huyện Cao Phong, Tỉnh Hòa Bình",20.707221,105.336536,"20.592212,105.17779 – 20.785797,105.419866","Cao Phong District, Hoa Binh, Vietnam"
"Huyện Tân Lạc, Tỉnh Hòa Bình",20.622803,105.242885,"20.451168,105.111274 – 20.771707,105.394643","Tân Lạc District, Hoa Binh, Vietnam"
"Huyện Mai Châu, Tỉnh Hòa Bình",20.690134,105.008989,"20.557207,104.836475 – 20.874614,105.159545","Mai Châu District, Hoa Binh, Vietnam"
"Huyện Lạc Sơn, Tỉnh Hòa Bình",20.441335,105.453672,"20.359841,105.258147 – 20.637375,105.577239","Lạc Sơn District, Hoa Binh, Vietnam"
"Huyện Yên Thủy, Tỉnh Hòa Bình",20.403225,105.617794,"20.305359,105.540591 – 20.549535,105.729572","Yên Thủy District, Hoa Binh, Vietnam"
"Huyện Lạc Thủy, Tỉnh Hòa Bình",20.482998,105.758591,"20.366499,105.611533 – 20.624342,105.85722","Lạc Thủy District, Hoa Binh, Vietnam"
"Thành phố Thái Nguyên, Tỉnh Thái Nguyên",21.567156,105.825204,"21.506262,105.70281 – 21.648494,105.904169","Thái Nguyên, Thai Nguyen, Vietnam"
"Thành phố Sông Công, Tỉnh Thái Nguyên",21.477798,105.842609,"21.439248,105.754611 – 21.542831,105.918331","Sông Công, Thai Nguyen, Vietnam"
"Huyện Định Hóa, Tỉnh Thái Nguyên",21.887955,105.617794,"21.744817,105.493107 – 22.047867,105.777844","Định Hóa District, Thai Nguyen, Vietnam"
"Huyện Phú Lương, Tỉnh Thái Nguyên",21.786057,105.711646,"21.613642,105.625846 – 21.915687,105.823414","Phú Lương District, Thai Nguyen, Vietnam"
"Huyện Đồng Hỷ, Tỉnh Thái Nguyên",21.628639,105.899496,"21.52052,105.786263 – 21.849792,106.074656","Đồng Hỷ District, Thai Nguyen, Vietnam"
"Huyện Võ Nhai, Tỉnh Thái Nguyên",21.779341,106.016997,"21.604045,105.848588 – 21.96786,106.237992","Võ Nhai District, Thai Nguyen, Vietnam"
"Huyện Đại Từ, Tỉnh Thái Nguyên",21.630436,105.641253,"21.430245,105.477505 – 21.777233,105.775767","Đại Từ District, Thai Nguyen, Vietnam"
"Thành phố Phổ Yên, Tỉnh Thái Nguyên",21.40136,105.852515,"21.325344,105.666739 – 21.576985,105.945481","Phổ Yên District, Thai Nguyen, Vietnam"
"Huyện Phú Bình, Tỉnh Thái Nguyên",21.484977,105.946487,"21.394038,105.876155 – 21.590841,106.05132","Phú Bình, Thai Nguyen, Vietnam"
"Thành phố Lạng Sơn, Tỉnh Lạng Sơn",21.853708,106.761519,"21.782416,106.695743 – 21.928715,106.798267","Lạng Sơn, Vietnam"
"Huyện Tràng Định, Tỉnh Lạng Sơn",22.2873,106.487707,"22.142816,106.18478 – 22.461466,106.702368","Tràng Định District, Lạng Sơn, Vietnam"
"Huyện Bình Gia, Tỉnh Lạng Sơn",22.02897,106.299291,"21.866179,106.095564 – 22.262697,106.540544","Bình Gia District, Lạng Sơn, Vietnam"
"Huyện Văn Lãng, Tỉnh Lạng Sơn",22.092483,106.581979,"21.880631,106.434311 – 22.182242,106.71314","Văn Lãng District, Lạng Sơn, Vietnam"
"Huyện Cao Lộc, Tỉnh Lạng Sơn",21.90363,106.841437,"21.736593,106.624698 – 22.013081,107.063288","Cao Lộc District, Lạng Sơn, Vietnam"
"Huyện Văn Quan, Tỉnh Lạng Sơn",21.814979,106.581979,"21.686013,106.389304 – 22.014975,106.715548","Văn Quan District, Lạng Sơn, Vietnam"
"Huyện Bắc Sơn, Tỉnh Lạng Sơn",21.843773,106.299291,"21.666497,106.09538 – 21.963386,106.419166","Bắc Sơn District, Lạng Sơn, Vietnam"
"Huyện Hữu Lũng, Tỉnh Lạng Sơn",21.565982,106.299291,"21.39369,106.166887 – 21.755601,106.521924","Hữu Lũng District, Lạng Sơn, Vietnam"
"Huyện Chi Lăng, Tỉnh Lạng Sơn",21.650694,106.605553,"21.535728,106.420023 – 21.797534,106.831907","Chi Lăng District, Lạng Sơn, Vietnam"
"Huyện Lộc Bình, Tỉnh Lạng Sơn",21.775759,106.959472,"21.489111,106.752369 – 21.849743,107.192439","Lộc Bình District, Lạng Sơn, Vietnam"
"Huyện Đình Lập, Tỉnh Lạng Sơn",21.571198,107.148452,"21.32515,106.888411 – 21.742754,107.363976","Đình Lập District, Lạng Sơn, Vietnam"
"Thành phố Hạ Long, Tỉnh Quảng Ninh",20.971198,107.044807,"20.904362,106.884384 – 21.030395,107.201364","Hạ Long, Quảng Ninh, Vietnam"
"Thành phố Móng Cái, Tỉnh Quảng Ninh",21.526074,107.972158,"21.226987,107.731812 – 21.659329,108.108902","Móng Cái, Quảng Ninh, Vietnam"
"Thành phố Cẩm Phả, Tỉnh Quảng Ninh",21.06812,107.323909,"20.938998,107.163361 – 21.223311,107.415578","Cẩm Phả, Quảng Ninh, Vietnam"
"Thành phố Uông Bí, Tỉnh Quảng Ninh",21.033908,106.764821,"20.974783,106.656148 – 21.167426,106.847174","Uông Bí, Quảng Ninh, Vietnam"
"Huyện Bình Liêu, Tỉnh Quảng Ninh",21.541016,107.432196,"21.437593,107.272287 – 21.663764,107.611992","Bình Liêu District, Quảng Ninh, Vietnam"
"Huyện Tiên Yên, Tỉnh Quảng Ninh",21.366688,107.337579,"21.182369,107.204332 – 21.564067,107.560647","Tiên Yên District, Quảng Ninh, Vietnam"
"Huyện Đầm Hà, Tỉnh Quảng Ninh",21.367031,107.550515,"21.223098,107.468289 – 21.498776,107.678518","Đầm Hà District, Quảng Ninh, Vietnam"
"Huyện Hải Hà, Tỉnh Quảng Ninh",21.489863,107.692567,"21.256318,107.516014 – 21.640716,107.824236","Hải Hà District, Quảng Ninh, Vietnam"
"Huyện Ba Chẽ, Tỉnh Quảng Ninh",21.294325,107.148452,"21.130183,106.97269 – 21.389004,107.36015","Ba Chẽ District, Quảng Ninh, Vietnam"
"Huyện Vân Đồn, Tỉnh Quảng Ninh",21.146734,107.455856,"20.687466,107.024519 – 21.280423,107.696984","Vân Đồn District, Quảng Ninh, Vietnam"
"Thành phố Đông Triều, Tỉnh Quảng Ninh",21.095815,106.605553,"21.011621,106.439154 – 21.225459,106.718745","Đông Triều District, Quảng Ninh, Vietnam"
"Thị xã Quảng Yên, Tỉnh Quảng Ninh",20.938742,106.796489,"20.811964,106.753636 – 21.036602,106.973754","Quảng Yên, Quảng Ninh, Vietnam"
"Huyện Cô Tô, Tỉnh Quảng Ninh",21.020593,107.828769,"20.943691,107.731109 – 21.251035,108.024464","Cô Tô District, Quảng Ninh, Vietnam"
"Thành phố Bắc Giang, Tỉnh Bắc Giang",21.281992,106.197477,"21.263124,106.148915 – 21.320227,106.231355","Bắc Giang, Bac Giang, Vietnam"
"Huyện Yên Thế, Tỉnh Bắc Giang",21.512877,106.134571,"21.421146,106.030915 – 21.626274,106.288008","Yên Thế District, Bac Giang, Vietnam"
"Huyện Tân Yên, Tỉnh Bắc Giang",21.37852,106.087533,"21.308813,106.007198 – 21.468452,106.193734","Tân Yên District, Bac Giang, Vietnam"
"Huyện Lạng Giang, Tỉnh Bắc Giang",21.359987,106.275751,"21.272231,106.166473 – 21.464149,106.35002","Lạng Giang District, Bac Giang, Vietnam"
"Huyện Lục Nam, Tỉnh Bắc Giang",21.299663,106.417031,"21.165226,106.291463 – 21.443613,106.692107","Lục Nam District, Bac Giang, Vietnam"
"Huyện Lục Ngạn, Tỉnh Bắc Giang",21.435404,106.676292,"21.264482,106.444261 – 21.608959,106.865157","Lục Ngạn District, Bac Giang, Vietnam"
"Huyện Sơn Động, Tỉnh Bắc Giang",21.323672,106.86504,"21.149171,106.673459 – 21.506463,107.033472","Sơn Động District, Bac Giang, Vietnam"
"Thị Xã Việt Yên, Tỉnh Bắc Giang",21.285863,106.087533,"21.197836,106.003102 – 21.342452,106.167101","Việt Yên District, Bac Giang, Vietnam"
"Huyện Hiệp Hòa, Tỉnh Bắc Giang",21.345915,105.946487,"21.223127,105.880567 – 21.436959,106.040078","Hiệp Hòa, Bac Giang, Vietnam"
"Thị xã Chũ, Tỉnh Bắc Giang",21.371614,106.563833,"21.342767,106.535969 – 21.391873,106.61236","Chũ, Lục Ngạn District, Bac Giang, Vietnam"
"Thành phố Việt Trì, Tỉnh Phú Thọ",21.35701,105.352633,"21.264668,105.290674 – 21.399925,105.456526","Viet Tri, Phú Thọ, Vietnam"
"Thị xã Phú Thọ, Tỉnh Phú Thọ",21.421979,105.229699,"21.365241,105.175588 – 21.466031,105.283317","Phú Thọ, Vietnam"
"Huyện Đoan Hùng, Tỉnh Phú Thọ",21.607164,105.149287,"21.50939,105.017411 – 21.719645,105.276803","Đoan Hùng District, Phú Thọ, Vietnam"
"Huyện Hạ Hòa, Tỉnh Phú Thọ",21.573599,105.008989,"21.481035,104.867888 – 21.690928,105.148147","Hạ Hòa District, Phú Thọ, Vietnam"
"Huyện Thanh Ba, Tỉnh Phú Thọ",21.467705,105.149287,"21.324444,105.077358 – 21.576229,105.232015","Thanh Ba District, Phú Thọ, Vietnam"
"Huyện Phù Ninh, Tỉnh Phú Thọ",21.465222,105.301411,"21.369183,105.212437 – 21.542386,105.398651","Phù Ninh District, Phú Thọ, Phú Thọ, Vietnam"
"Huyện Yên Lập, Tỉnh Phú Thọ",21.341063,105.008989,"21.20028,104.879084 – 21.542993,105.171787","Yên Lập District, Phú Thọ, Vietnam"
"Huyện Cẩm Khê, Tỉnh Phú Thọ",21.429804,105.055742,"21.267558,104.978948 – 21.499909,105.205332","Cẩm Khê District, Phú Thọ, Vietnam"
"Huyện Tam Nông, Tỉnh Phú Thọ",21.285869,105.231183,"21.215904,105.148916 – 21.395856,105.356177","Tam Nông District, Phú Thọ, Vietnam"
"Huyện Lâm Thao, Tỉnh Phú Thọ",21.302614,105.301411,"21.245873,105.250362 – 21.40654,105.358654","Lâm Thao District, Phú Thọ, Vietnam"
"Huyện Thanh Sơn, Tỉnh Phú Thọ",21.02402,105.172682,"20.917027,105.037193 – 21.256215,105.344776","Thanh Sơn District, Phú Thọ, Vietnam"
"Huyện Thanh Thủy, Tỉnh Phú Thọ",21.142173,105.277998,"21.001556,105.233889 – 21.244487,105.347203","Thanh Thủy District, Phú Thọ, Vietnam"
"Huyện Tân Sơn, Tỉnh Phú Thọ",21.226916,104.985618,"21.014369,104.815401 – 21.365455,105.118914","Tân Sơn District, Phú Thọ, Vietnam"
"Thành phố Vĩnh Yên, Tỉnh Vĩnh Phúc",21.307285,105.616315,"21.268661,105.547835 – 21.343266,105.636728","Vĩnh Yên, Vĩnh Phúc, Vietnam"
"Thành phố Phúc Yên, Tỉnh Vĩnh Phúc",21.281597,105.724974,"21.21252,105.680473 – 21.416637,105.786581","Phúc Yên, Vĩnh Phúc, Vietnam"
"Huyện Lập Thạch, Tỉnh Vĩnh Phúc",21.43715,105.477108,"21.294546,105.423276 – 21.528356,105.537086","Lập Thạch District, Vĩnh Phúc, Vietnam"
"Huyện Tam Dương, Tỉnh Vĩnh Phúc",21.371378,105.559162,"21.27457,105.499676 – 21.446251,105.62436","Tam Dương District, Vĩnh Phúc, Vietnam"
"Huyện Tam Đảo, Tỉnh Vĩnh Phúc",21.474706,105.570887,"21.343948,105.487537 – 21.573842,105.688027","Tam Đảo District, Vĩnh Phúc, Vietnam"
"Huyện Bình Xuyên, Tỉnh Vĩnh Phúc",21.313857,105.676446,"21.215417,105.601443 – 21.442835,105.726513","Bình Xuyên District, Vĩnh Phúc, Vietnam"
"Huyện Yên Lạc, Tỉnh Vĩnh Phúc",21.19622,105.570887,"21.154104,105.522737 – 21.28552,105.639216","Yên Lạc District, Vĩnh Phúc, Vietnam"
"Huyện Vĩnh Tường, Tỉnh Vĩnh Phúc",21.238727,105.488828,"21.155575,105.443516 – 21.341731,105.547847","Vĩnh Tường, Vĩnh Phúc, Vietnam"
"Huyện Sông Lô, Tỉnh Vĩnh Phúc",21.456467,105.395094,"21.326801,105.322481 – 21.524586,105.455155","Sông Lô District, Vĩnh Phúc, Vietnam"
"Thành phố Bắc Ninh, Tỉnh Bắc Ninh",21.178177,106.071026,"21.12022,106.017452 – 21.227816,106.13782","Bắc Ninh, Bac Ninh, Vietnam"
"Huyện Yên Phong, Tỉnh Bắc Ninh",21.194143,105.958237,"21.156307,105.90247 – 21.264298,106.038389","Yên Phong, Bac Ninh, Vietnam"
"Thị xã Quế Võ, Tỉnh Bắc Ninh",21.137731,106.18162,"21.074125,106.089666 – 21.216397,106.299282","Quế Võ District, Bac Ninh, Vietnam"
"Huyện Tiên Du, Tỉnh Bắc Ninh",21.117831,106.028751,"21.068875,105.968513 – 21.183778,106.112507","Tiên Du District, Bac Ninh, Vietnam"
"Thành phố Từ Sơn, Tỉnh Bắc Ninh",21.118833,105.959784,"21.0704,105.915572 – 21.167038,106.005489","Từ Sơn, Bac Ninh, Vietnam"
"Thị xã Thuận Thành, Tỉnh Bắc Ninh",21.0438,106.075775,"20.983372,105.9991 – 21.09445,106.143906","Thuận Thành, Bac Ninh, Vietnam"
"Huyện Gia Bình, Tỉnh Bắc Ninh",21.076407,106.216914,"21.012757,106.128518 – 21.116192,106.305161","Gia Bình District, Bac Ninh, Vietnam"
"Huyện Lương Tài, Tỉnh Bắc Ninh",21.027815,106.240447,"20.969118,106.137865 – 21.081021,106.31193","Lương Tài District, Bac Ninh, Vietnam"
"Thành phố Hải Dương, Tỉnh Hải Dương",20.937341,106.314554,"20.893858,106.25777 – 20.987807,106.391087","Hải Dương, Hai Duong, Vietnam"
"Thành phố Chí Linh, Tỉnh Hải Dương",21.11325,106.303195,"21.019778,106.293669 – 21.231856,106.500092","Chí Linh, Hai Duong, Vietnam"
"Huyện Nam Sách, Tỉnh Hải Dương",21.018602,106.334606,"20.956258,106.271935 – 21.086906,106.413161","Nam Sách District, Hai Duong, Vietnam"
"Thị xã Kinh Môn, Tỉnh Hải Dương",21.012735,106.511271,"20.930512,106.40577 – 21.069383,106.611436","Kinh Môn, Hai Duong, Vietnam"
"Huyện Kim Thành, Tỉnh Hải Dương",20.932973,106.499489,"20.850783,106.387612 – 21.003395,106.552344","Kim Thành District, Hai Duong, Vietnam"
"Huyện Thanh Hà, Tỉnh Hải Dương",20.929538,106.417031,"20.799714,106.344831 – 20.975364,106.516114","Thanh Hà District, Hai Duong, Vietnam"
"Huyện Cẩm Giàng, Tỉnh Hải Dương",20.947949,106.22868,"20.900157,106.127311 – 21.001243,106.293496","Cẩm Giàng District, Hai Duong, Vietnam"
"Huyện Bình Giang, Tỉnh Hải Dương",20.870356,106.193384,"20.818261,106.124369 – 20.933469,106.259313","Bình Giang District, Hai Duong, Vietnam"
"Huyện Gia Lộc, Tỉnh Hải Dương",20.86123,106.287521,"20.775727,106.238391 – 20.918832,106.351516","Gia Lộc District, Hai Duong, Vietnam"
"Huyện Tứ Kỳ, Tỉnh Hải Dương",20.803485,106.405254,"20.720144,106.307546 – 20.914376,106.498547","Tứ Kỳ District, Hai Duong, Vietnam"
"Huyện Ninh Giang, Tỉnh Hải Dương",20.749109,106.369927,"20.689589,106.262243 – 20.816262,106.413058","Ninh Giang District, Hai Duong, Vietnam"
"Huyện Thanh Miện, Tỉnh Hải Dương",20.775502,106.216914,"20.684379,106.131084 – 20.847698,106.287746","Thanh Miện District, Hai Duong, Vietnam"
"Quận Hồng Bàng, Thành phố Hải Phòng",20.874724,106.649762,"20.852882,106.599388 – 20.899259,106.689092","Hồng Bàng, Hai Phong, Vietnam"
"Quận Ngô Quyền, Thành phố Hải Phòng",20.857881,106.702825,"20.827533,106.679506 – 20.877791,106.72303","Ngô Quyền, Hai Phong, Vietnam"
"Quận Lê Chân, Thành phố Hải Phòng",20.839723,106.682188,"20.815159,106.65768 – 20.856025,106.696436","Lê Chân, Hai Phong, Vietnam"
"Quận Hải An, Thành phố Hải Phòng",20.817103,106.735258,"20.774261,106.699087 – 20.879057,106.832062","Hải An, Hai Phong, Vietnam"
"Quận Kiến An, Thành phố Hải Phòng",20.809753,106.635025,"20.768594,106.594702 – 20.843927,106.677357","Kiến An, Hai Phong, Vietnam"
"Quận Đồ Sơn, Thành phố Hải Phòng",20.727546,106.764748,"20.665531,106.707747 – 20.757571,106.818139","Đồ Sơn, Hai Phong, Vietnam"
"Quận Dương Kinh, Thành phố Hải Phòng",20.778443,106.717567,"20.740967,106.648076 – 20.828418,106.783347","Dương Kinh District, Hai Phong, Vietnam"
"Thành phố Thủy Nguyên, Thành phố Hải Phòng",20.952422,106.65271,"20.864024,106.554589 – 21.021215,106.770703","Thủy Nguyên, Hai Phong, Vietnam"
"Quận An Dương, Thành phố Hải Phòng",20.879738,106.570193,"20.816173,106.526997 – 20.951759,106.663907","An Dương, Hai Phong, Vietnam"
"Huyện An Lão, Thành phố Hải Phòng",20.823117,106.558407,"20.725625,106.477361 – 20.869017,106.637404","An Lão, Hai Phong, Vietnam"
"Huyện Kiến Thụy, Thành phố Hải Phòng",20.731737,106.664501,"20.678179,106.601513 – 20.790606,106.740212","Kiến Thụy District, Hai Phong, Vietnam"
"Huyện Tiên Lãng, Thành phố Hải Phòng",20.692514,106.593766,"20.612678,106.486065 – 20.808487,106.707422","Tiên Lãng, Hai Phong, Vietnam"
"Huyện Vĩnh Bảo, Thành phố Hải Phòng",20.693673,106.464146,"20.598022,106.400548 – 20.764725,106.601406","Vĩnh Bảo, Hai Phong, Vietnam"
"Huyện Cát Hải, Thành phố Hải Phòng",20.814045,106.994895,"20.612191,106.822576 – 20.914605,107.212498","Cát Hải, Hai Phong, Vietnam"
"Huyện Bạch Long Vĩ, Thành phố Hải Phòng",20.131144,107.731053,"20.123082,107.716925 – 20.146045,107.743095","đảo Bạch Long Vĩ, Hai Phong, Vietnam"
"Thành phố Hưng Yên, Tỉnh Hưng Yên",20.654682,106.057849,"20.615852,106.029665 – 20.715254,106.097313","Hưng Yên, Hung Yen, Vietnam"
"Huyện Văn Lâm, Tỉnh Hưng Yên",20.978841,106.028751,"20.937996,105.9613 – 21.007209,106.138055","Văn Lâm, Hung Yen, Vietnam"
"Huyện Văn Giang, Tỉnh Hưng Yên",20.93926,105.958237,"20.883949,105.895325 – 20.97641,106.020625","Văn Giang, Hung Yen, Vietnam"
"Huyện Yên Mỹ, Tỉnh Hưng Yên",20.88619,106.028751,"20.835539,105.962931 – 20.95446,106.085835","Yên Mỹ District, Hung Yen, Vietnam"
"Thị xã Mỹ Hào, Tỉnh Hưng Yên",20.925738,106.099291,"20.873599,106.031612 – 20.977669,106.158198","My Hao District, Hung Yen, Vietnam"
"Huyện Ân Thi, Tỉnh Hưng Yên",20.809961,106.099291,"20.727511,106.033623 – 20.897807,106.153293","Ân Thi District, Hung Yen, Vietnam"
"Huyện Khoái Châu, Tỉnh Hưng Yên",20.83165,105.993491,"20.756842,105.910714 – 20.90439,106.042286","Khoái Châu, Hung Yen, Vietnam"
"Huyện Kim Động, Tỉnh Hưng Yên",20.747229,106.028751,"20.67618,105.964245 – 20.814682,106.099303","Kim Động, Hung Yen, Vietnam"
"Huyện Tiên Lữ, Tỉnh Hưng Yên",20.691952,106.12281,"20.603096,106.070413 – 20.732029,106.199011","Tiên Lữ District, Hung Yen, Vietnam"
"Huyện Phù Cừ, Tỉnh Hưng Yên",20.708337,106.193384,"20.641333,106.11798 – 20.785034,106.269528","Phù Cừ District, Hung Yen, Vietnam"
"Thành phố Thái Bình, Tỉnh Thái Bình",20.446347,106.336583,"20.399784,106.296244 – 20.506099,106.393061","Thái Bình, Thai Binh, Vietnam"
"Huyện Quỳnh Phụ, Tỉnh Thái Bình",20.656596,106.369927,"20.566753,106.248765 – 20.728989,106.464338","Quỳnh Phụ District, Thai Binh, Vietnam"
"Huyện Hưng Hà, Tỉnh Thái Bình",20.590375,106.216914,"20.51191,106.10967 – 20.674064,106.318064","Hưng Hà District, Thai Binh, Vietnam"
"Huyện Đông Hưng, Tỉnh Thái Bình",20.564092,106.369927,"20.482393,106.234664 – 20.61404,106.444309","Đông Hưng District, Thai Binh, Vietnam"
"Huyện Thái Thụy, Tỉnh Thái Bình",20.550379,106.511271,"20.442869,106.430556 – 20.639774,106.656427","Thái Thủy, Thai Binh, Vietnam"
"Huyện Tiền Hải, Tỉnh Thái Bình",20.360941,106.558407,"20.244052,106.462523 – 20.476448,106.629109","Tiền Hải District, Thai Binh, Vietnam"
"Huyện Kiến Xương, Tỉnh Thái Bình",20.374595,106.417031,"20.289053,106.356982 – 20.503966,106.491837","Kiến Xương District, Thai Binh, Vietnam"
"Huyện Vũ Thư, Tỉnh Thái Bình",20.423938,106.263983,"20.326655,106.178342 – 20.52176,106.382763","Vũ Thư District, Thai Binh, Vietnam"
"Thành phố Phủ Lý, Tỉnh Hà Nam",20.531693,105.917629,"20.505698,105.883965 – 20.572273,105.949883","Phủ Lý, Hà Nam, Vietnam"
"Thị xã Duy Tiên, Tỉnh Hà Nam",20.638109,105.958237,"20.545516,105.891209 – 20.704382,106.046827","Duy Tiên, Hà Nam, Vietnam"
"Thị xã Kim Bảng, Tỉnh Hà Nam",20.579595,105.870762,"20.477884,105.768582 – 20.66456,105.925006","Kim Bảng, Hà Nam, Vietnam"
"Huyện Thanh Liêm, Tỉnh Hà Nam",20.469906,105.899496,"20.362918,105.851361 – 20.552284,105.991144","Thanh Liêm District, Hà Nam, Vietnam"
"Huyện Bình Lục, Tỉnh Hà Nam",20.502989,106.040506,"20.39554,105.958082 – 20.582522,106.141722","Bình Lục District, Hà Nam, Vietnam"
"Huyện Lý Nhân, Tỉnh Hà Nam",20.555301,106.099291,"20.468554,105.980766 – 20.627265,106.183314","Lý Nhân District, Hà Nam, Vietnam"
"Thành phố Nam Định, Tỉnh Nam Định",20.438868,106.169671,"20.375929,106.11763 – 20.459585,106.216164","Nam Định, Nam Dinh, Vietnam"
"Huyện Vụ Bản, Tỉnh Nam Định",20.370142,106.099291,"20.300875,106.01981 – 20.462899,106.170519","Vụ Bản District, Nam Dinh, Vietnam"
"Huyện Ý Yên, Tỉnh Nam Định",20.368498,105.993491,"20.216978,105.92405 – 20.441437,106.144174","Ý Yên District, Nam Dinh, Vietnam"
"Huyện Nghĩa Hưng, Tỉnh Nam Định",20.073248,106.18162,"19.88846,106.091886 – 20.310902,106.21036","Nghĩa Hưng District, Nam Dinh, Vietnam"
"Huyện Nam Trực, Tỉnh Nam Định",20.335893,106.216914,"20.251309,106.147709 – 20.418399,106.286518","Nam Trực District, Nam Dinh, Vietnam"
"Huyện Trực Ninh, Tỉnh Nam Định",20.243376,106.216914,"20.142106,106.174963 – 20.345782,106.330038","Truc Ninh, Nam Dinh, Vietnam"
"Huyện Xuân Trường, Tỉnh Nam Định",20.299331,106.358153,"20.216999,106.294317 – 20.377665,106.433173","Xuân Trường District, Nam Dinh, Vietnam"
"Huyện Giao Thủy, Tỉnh Nam Định",20.226883,106.511271,"20.176528,106.351079 – 20.316492,106.591923","Giao Thủy District, Nam Dinh, Vietnam"
"Huyện Hải Hậu, Tỉnh Nam Định",20.156888,106.275751,"19.995764,106.17861 – 20.250945,106.365405","Hải Hậu District, Nam Dinh, Vietnam"
"Thành phố Tam Điệp, Tỉnh Ninh Bình",20.150675,105.902252,"20.102348,105.79095 – 20.218597,105.968433","Tam Điệp, Ninh Bình, Vietnam"
"Huyện Nho Quan, Tỉnh Ninh Bình",20.297627,105.758591,"20.168395,105.542759 – 20.454709,105.887321","Nho Quan District, Ninh Bình, Vietnam"
"Huyện Gia Viễn, Tỉnh Ninh Bình",20.3353,105.852515,"20.232822,105.794415 – 20.426658,105.954305","Gia Viễn District, Ninh Bình, Vietnam"
"Thành phố Hoa Lư, Tỉnh Ninh Bình",20.250615,105.974454,"20.200024,105.927086 – 20.290215,106.023817","Hoa Lư, Ninh Bình, Vietnam"
"Huyện Yên Khánh, Tỉnh Ninh Bình",20.187228,106.075775,"20.123622,105.987287 – 20.255373,106.168197","Yên Khánh District, Ninh Bình, Vietnam"
"Huyện Kim Sơn, Tỉnh Ninh Bình",20.046233,106.099291,"19.915586,106.023786 – 20.156202,106.162274","Kim Sơn District, Ninh Bình, Vietnam"
"Huyện Yên Mô, Tỉnh Ninh Bình",20.137029,105.993491,"20.059085,105.924211 – 20.197587,106.071057","Yên Mô District, Ninh Bình, Vietnam"
"Thành phố Thanh Hóa, Tỉnh Thanh Hóa",19.806692,105.785182,"19.732916,105.719161 – 19.884508,105.862949","Thanh Hóa, Thanh Hoa, Vietnam"
"Thị xã Bỉm Sơn, Tỉnh Thanh Hóa",20.084895,105.85752,"20.043706,105.832371 – 20.132892,105.934011","Bỉm Sơn, Thanh Hoa, Vietnam"
"Thành phố Sầm Sơn, Tỉnh Thanh Hóa",19.763501,105.898123,"19.719606,105.878019 – 19.784231,105.937986","Sầm Sơn, Thanh Hoa, Vietnam"
"Huyện Mường Lát, Tỉnh Thanh Hóa",20.494133,104.588836,"20.368364,104.374384 – 20.654172,104.876473","Mường Lát District, Thanh Hoa, Vietnam"
"Huyện Quan Hóa, Tỉnh Thanh Hóa",20.483043,104.985618,"20.30246,104.701688 – 20.67067,105.188307","Quan Hóa District, Thanh Hoa, Vietnam"
"Huyện Bá Thước, Tỉnh Thanh Hóa",20.365336,105.266293,"20.185249,105.069218 – 20.573057,105.42922","Bá Thước District, Thanh Hoa, Vietnam"
"Huyện Quan Sơn, Tỉnh Thanh Hóa",20.212333,104.892167,"20.097842,104.609098 – 20.40981,105.127157","Quan Sơn District, Thanh Hoa, Vietnam"
"Huyện Lang Chánh, Tỉnh Thanh Hóa",20.166759,105.149287,"20.001861,104.972985 – 20.295393,105.286127","Lang Chánh District, Thanh Hoa, Vietnam"
"Huyện Ngọc Lặc, Tỉnh Thanh Hóa",20.078589,105.359957,"19.920224,105.246492 – 20.216089,105.51255","Ngọc Lặc District, Thanh Hoa, Vietnam"
"Huyện Cẩm Thủy, Tỉnh Thanh Hóa",20.184101,105.477108,"20.072468,105.314487 – 20.336624,105.601733","Cam Thủy, Thanh Hoa, Vietnam"
"Huyện Thạch Thành, Tỉnh Thanh Hóa",20.217781,105.617794,"20.036024,105.409522 – 20.385201,105.815647","Thạch Thành District, Thanh Hoa, Vietnam"
"Huyện Hà Trung, Tỉnh Thanh Hóa",20.011117,105.852515,"19.953848,105.744788 – 20.155889,105.97004","Hà Trung District, Thanh Hoa, Vietnam"
"Huyện Vĩnh Lộc, Tỉnh Thanh Hóa",20.063973,105.652983,"19.957875,105.55406 – 20.12305,105.765937","Vĩnh Lộc District, Thanh Hoa, Vietnam"
"Huyện Yên Định, Tỉnh Thanh Hóa",19.998689,105.606066,"19.929967,105.461347 – 20.085454,105.764947","Yên Định District, Thanh Hoa, Vietnam"
"Huyện Thọ Xuân, Tỉnh Thanh Hóa",19.905912,105.477108,"19.815804,105.373017 – 20.036832,105.605664","Thọ Xuân District, Thanh Hoa, Vietnam"
"Huyện Thường Xuân, Tỉnh Thanh Hóa",19.901279,105.266293,"19.709045,104.911965 – 20.119836,105.455259","Thường Xuân District, Thanh Hoa, Vietnam"
"Huyện Triệu Sơn, Tỉnh Thanh Hóa",19.851239,105.570887,"19.712277,105.426059 – 19.891995,105.713034","Triệu Sơn District, Thanh Hoa, Vietnam"
"Huyện Thiệu Hóa, Tỉnh Thanh Hóa",19.889182,105.664714,"19.838509,105.58278 – 19.95794,105.768662","Thiệu Hóa District, Thanh Hoa, Vietnam"
"Huyện Hoằng Hóa, Tỉnh Thanh Hóa",19.821685,105.899496,"19.770084,105.757309 – 19.961376,105.966258","Hoằng Hóa District, Thanh Hoa, Vietnam"
"Huyện Hậu Lộc, Tỉnh Thanh Hóa",19.926888,105.887749,"19.879865,105.770104 – 19.986519,106.00439","Hậu Lộc District, Thanh Hoa, Vietnam"
"Huyện Nga Sơn, Tỉnh Thanh Hóa",19.998188,105.993491,"19.940305,105.910015 – 20.068673,106.075862","Nga Sơn District, Thanh Hoa, Vietnam"
"Huyện Như Xuân, Tỉnh Thanh Hóa",19.614914,105.359957,"19.440086,105.154777 – 19.755158,105.528244","Như Xuân District, Thanh Hoa, Vietnam"
"Huyện Như Thanh, Tỉnh Thanh Hóa",19.573312,105.570887,"19.36991,105.447378 – 19.805759,105.661246","Như Thanh District, Thanh Hoa, Vietnam"
"Huyện Nông Cống, Tỉnh Thanh Hóa",19.611328,105.664714,"19.47696,105.595477 – 19.754137,105.771802","Nông Cống District, Thanh Hoa, Vietnam"
"Huyện Quảng Xương, Tỉnh Thanh Hóa",19.691338,105.805547,"19.574902,105.71113 – 19.774918,105.894059","Quảng Xương District, Thanh Hoa, Vietnam"
"Thị xã Nghi Sơn, Tỉnh Thanh Hóa",19.396843,105.735117,"19.286987,105.629151 – 19.617912,105.938025","Nghi Sơn, Thanh Hoa, Vietnam"
"Thành phố Vinh, Tỉnh Nghệ An",18.67641,105.676845,"18.640878,105.626421 – 18.832338,105.767548","Vinh, Nghe An, Vietnam"
"Thị xã Thái Hòa, Tỉnh Nghệ An",19.324004,105.420336,"19.229599,105.34429 – 19.359042,105.555209","Thái Hòa, Nghe An, Vietnam"
"Huyện Quế Phong, Tỉnh Nghệ An",19.747794,104.892167,"19.413827,104.626164 – 19.994248,105.189762","Quế Phong District, Nghe An, Vietnam"
"Huyện Quỳ Châu, Tỉnh Nghệ An",19.546306,105.079123,"19.322251,104.817538 – 19.751453,105.296558","Quỳ Châu District, Nghe An, Vietnam"
"Huyện Kỳ Sơn, Tỉnh Nghệ An",19.429591,104.239594,"19.110053,103.874957 – 19.707314,104.456856","Kỳ Sơn District, Nghe An, Vietnam"
"Huyện Tương Dương, Tỉnh Nghệ An",19.264013,104.565527,"18.980017,104.264826 – 19.660758,104.928864","Tương Dương District, Nghe An, Vietnam"
"Huyện Nghĩa Đàn, Tỉnh Nghệ An",19.400335,105.430238,"19.170943,105.294173 – 19.538014,105.59483","Nghĩa Đàn District, Nghe An, Vietnam"
"Huyện Quỳ Hợp, Tỉnh Nghệ An",19.352892,105.172682,"19.168437,104.971314 – 19.476406,105.339463","Quỳ Hợp District, Nghe An, Vietnam"
"Huyện Quỳnh Lưu, Tỉnh Nghệ An",19.198935,105.617794,"19.082123,105.430886 – 19.38329,105.738382","Quỳnh Lưu District, Nghe An, Vietnam"
"Huyện Con Cuông, Tỉnh Nghệ An",19.013059,104.798771,"18.774397,104.531834 – 19.353005,105.04938","Con Cuông District, Nghe An, Vietnam"
"Huyện Tân Kỳ, Tỉnh Nghệ An",19.07488,105.172682,"18.97713,105.044757 – 19.227676,105.433801","Tân Kỳ District, Nghe An, Vietnam"
"Huyện Anh Sơn, Tỉnh Nghệ An",18.968805,105.055742,"18.759732,104.898291 – 19.174414,105.255392","Anh Sơn District, Nghe An, Vietnam"
"Huyện Diễn Châu, Tỉnh Nghệ An",19.017969,105.570887,"18.860163,105.488078 – 19.18276,105.656777","Diễn Châu District, Nghe An, Vietnam"
"Huyện Yên Thành, Tỉnh Nghệ An",19.051129,105.453672,"18.877666,105.299765 – 19.167122,105.580409","Yên Thành District, Nghe An, Vietnam"
"Huyện Đô Lương, Tỉnh Nghệ An",18.899098,105.336536,"18.775349,105.219672 – 19.056227,105.485593","Đô Lương District, Nghe An, Vietnam"
"Huyện Thanh Chương, Tỉnh Nghệ An",18.696774,105.266293,"18.57845,104.935522 – 18.89225,105.501852","Thanh Chương District, Nghe An, Vietnam"
"Huyện Nghi Lộc, Tỉnh Nghệ An",18.829027,105.617794,"18.719131,105.467581 – 18.898655,105.724583","Nghi Lộc District, Nghe An, Vietnam"
"Huyện Nam Đàn, Tỉnh Nghệ An",18.698345,105.523991,"18.552117,105.405127 – 18.795319,105.616378","Nam Đàn District, Nghe An, Vietnam"
"Huyện Hưng Nguyên, Tỉnh Nghệ An",18.631674,105.629523,"18.563928,105.553649 – 18.804192,105.706623","Hưng Nguyên District, Nghe An, Vietnam"
"Thị xã Hoàng Mai, Tỉnh Nghệ An",19.268332,105.716197,"19.185624,105.615563 – 19.34678,105.812073","Hoàng Mai, Nghe An, Vietnam"
"Thành phố Hà Tĩnh, Tỉnh Hà Tĩnh",18.342042,105.892349,"18.307983,105.86016 – 18.400506,105.943501","Hà Tĩnh, Ha Tinh, Vietnam"
"Thị xã Hồng Lĩnh, Tỉnh Hà Tĩnh",18.529975,105.706087,"18.488362,105.660295 – 18.577975,105.766151","Hồng Lĩnh, Ha Tinh, Vietnam"
"Huyện Hương Sơn, Tỉnh Hà Tĩnh",18.511801,105.266293,"18.267752,105.104008 – 18.623708,105.554229","Hương Sơn, Ha Tinh, Vietnam"
"Huyện Đức Thọ, Tỉnh Hà Tĩnh",18.505672,105.617794,"18.393366,105.538286 – 18.583108,105.687634","Đức Thọ District, Ha Tinh, Vietnam"
"Huyện Vũ Quang, Tỉnh Hà Tĩnh",18.336594,105.430238,"18.153421,105.25602 – 18.49427,105.636645","Vũ Quang, Ha Tinh, Vietnam"
"Huyện Nghi Xuân, Tỉnh Hà Tĩnh",18.66423,105.755656,"18.659114,105.75061 – 18.670189,105.766815","Nghi Xuân District, Nghi Xuan, Ha Tinh, Vietnam"
"Huyện Can Lộc, Tỉnh Hà Tĩnh",18.451601,105.711646,"18.337577,105.630698 – 18.54944,105.831884","Can Lộc District, Ha Tinh, Vietnam"
"Huyện Hương Khê, Tỉnh Hà Tĩnh",18.203756,105.641253,"17.991763,105.451557 – 18.393366,105.931827","Hương Khê District, Ha Tinh, Vietnam"
"Huyện Thạch Hà, Tỉnh Hà Tĩnh",18.301316,105.852515,"18.171223,105.733925 – 18.47192,106.025453","Thạch Hà District, Ha Tinh, Vietnam"
"Huyện Cẩm Xuyên, Tỉnh Hà Tĩnh",18.172165,106.016997,"18.034314,105.854531 – 18.346182,106.151762","Cẩm Xuyên District, Ha Tinh, Vietnam"
"Huyện Kỳ Anh, Tỉnh Hà Tĩnh",18.064047,106.205148,"17.90839,106.014361 – 18.311613,106.338718","Kỳ Anh District, Ha Tinh, Vietnam"
"Thị xã Kỳ Anh, Tỉnh Hà Tĩnh",18.069114,106.294614,"17.949512,106.25249 – 18.157413,106.510618","Kỳ Anh Town, Ha Tinh, Vietnam"
"Thành Phố Đồng Hới, Tỉnh Quảng Bình",17.465939,106.598396,"17.36178,106.493397 – 17.546826,106.718488","Đồng Hới, Quảng Bình, Vietnam"
"Huyện Minh Hóa, Tỉnh Quảng Bình",17.719816,105.92299,"17.504307,105.607849 – 17.96147,106.121328","Minh Hoá, Quảng Bình, Vietnam"
"Huyện Tuyên Hóa, Tỉnh Quảng Bình",17.788169,106.205148,"17.709601,105.642171 – 18.089951,106.303988","Tuyên Hóa District, Quảng Bình, Vietnam"
"Huyện Quảng Trạch, Tỉnh Quảng Bình",17.864013,106.393478,"17.753508,106.260943 – 17.991758,106.535367","Quảng Trạch District, Quảng Bình, Vietnam"
"Huyện Bố Trạch, Tỉnh Quảng Bình",17.504708,106.299291,"17.244271,105.964602 – 17.729279,106.599525","Bố Trạch District, Quảng Bình, Vietnam"
"Huyện Quảng Ninh, Tỉnh Quảng Bình",17.263611,106.440587,"17.07076,106.287317 – 17.436039,106.801715","Quảng Ninh District, Quảng Bình, Vietnam"
"Huyện Lệ Thủy, Tỉnh Quảng Bình",17.106491,106.676292,"16.921375,106.402366 – 17.329041,106.994205","Lệ Thủy District, Quảng Bình, Vietnam"
"Thị xã Ba Đồn, Tỉnh Quảng Bình",17.75398,106.421448,"17.742431,106.415162 – 17.761396,106.43465","Ba Đồn, Quảng Bình, Vietnam"
"Thành phố Đông Hà, Tỉnh Quảng Trị",16.793327,107.110572,"16.743564,107.028379 – 16.859091,107.147942","Đông Hà, Quảng Trị, Vietnam"
"Thị xã Quảng Trị, Tỉnh Quảng Trị",16.740307,107.185468,"16.628293,107.067133 – 16.761592,107.203","Quảng Trị, Vietnam"
"Huyện Vĩnh Linh, Tỉnh Quảng Trị",17.015938,106.93586,"16.888812,106.681303 – 17.162226,107.117043","Vĩnh Linh District, Quảng Trị, Vietnam"
"Huyện Hướng Hóa, Tỉnh Quảng Trị",16.649551,106.676292,"16.410615,106.516237 – 16.997653,106.830813","Hương Hóa, Quảng Trị, Vietnam"
"Huyện Gio Linh, Tỉnh Quảng Trị",16.920594,106.983087,"16.809735,106.686379 – 17.015422,107.19317","Gio Linh District, Quảng Trị, Vietnam"
"Huyện Đa Krông, Tỉnh Quảng Trị",16.534917,106.959472,"16.301578,106.711536 – 16.836352,107.140703","Đa Krông District, Quảng Trị, Vietnam"
"Huyện Cam Lộ, Tỉnh Quảng Trị",16.783695,106.983087,"16.68468,106.83006 – 16.884793,107.103691","Cam Lộ District, Quảng Trị, Vietnam"
"Huyện Triệu Phong, Tỉnh Quảng Trị",16.813234,107.172085,"16.645038,107.000679 – 16.905106,107.308945","Triệu Phong District, Quảng Trị, Vietnam"
"Huyện Hải Lăng, Tỉnh Quảng Trị",16.668457,107.26664,"16.565876,107.079243 – 16.802319,107.389289","Hải Lăng District, Quảng Trị, Vietnam"
"Huyện Cồn Cỏ, Tỉnh Quảng Trị",17.16065,107.340535,"17.150386,107.331405 – 17.166809,107.348721","Cồn Cỏ District, Quảng Trị, Vietnam"
"Quận Thuận Hóa, Thành phố Huế",16.463712,107.590863,"16.399085,107.525118 – 16.507696,107.629108","Huế, Hue City, Vietnam"
"Quận Phú Xuân, Thành phố Huế",16.463712,107.590863,"16.399085,107.525118 – 16.507696,107.629108","Huế, Hue City, Vietnam"
"Thị xã Phong Điền, Thành phố Huế",16.503112,107.337579,"16.345537,107.054904 – 16.742465,107.50426","Phong Điền District, Hue City, Vietnam"
"Huyện Quảng Điền, Thành phố Huế",16.592284,107.491349,"16.515624,107.406205 – 16.664599,107.582155","Quảng Điền District, Hue City, Vietnam"
"Huyện Phú Vang, Thành phố Huế",16.445809,107.739935,"16.335815,107.573653 – 16.570967,107.846741","Phú Vang District, Hue City, Vietnam"
"Thị xã Hương Thủy, Thành phố Huế",16.408957,107.677252,"16.155786,107.495814 – 16.49183,107.757156","Hương Thủy, Hue City, Vietnam"
"Thị xã Hương Trà, Thành phố Huế",16.487057,107.500951,"16.254391,107.328519 – 16.601427,107.628914","Hương Trà, Hue City, Vietnam"
"Huyện A Lưới, Thành phố Huế",16.230374,107.337579,"16.014516,107.016212 – 16.448873,107.528799","A Lưới District, Hue City, Vietnam"
"Huyện Phú Lộc, Thành phố Huế",16.272632,107.905781,"15.994399,107.508845 – 16.412133,108.210656","Phú Lộc, Hue City, Vietnam"
"Quận Liên Chiểu, Thành phố Đà Nẵng",16.153167,108.107292,"16.032919,108.087032 – 16.210087,108.194725","Liên Chiểu, Da Nang, Vietnam"
"Quận Thanh Khê, Thành phố Đà Nẵng",16.06418,108.187341,"16.031955,108.167176 – 16.081383,108.214533","Thanh Khê District, Da Nang, Vietnam"
"Quận Hải Châu, Thành phố Đà Nẵng",16.0472,108.219959,"16.022984,108.18807 – 16.095423,108.236017","Hải Châu District, Da Nang, Vietnam"
"Quận Sơn Trà, Thành phố Đà Nẵng",16.115984,108.273341,"16.051021,108.212634 – 16.15557,108.338475","Sơn Trà, Da Nang, Vietnam"
"Quận Ngũ Hành Sơn, Thành phố Đà Nẵng",15.998891,108.255546,"15.956554,108.216212 – 16.056539,108.289243","Ngũ Hành Sơn, Da Nang, Vietnam"
"Quận Cẩm Lệ, Thành phố Đà Nẵng",16.015367,108.196236,"15.971666,108.15849 – 16.061925,108.248967","Cẩm Lệ District, Da Nang, Vietnam"
"Huyện Hòa Vang, Thành phố Đà Nẵng",16.058563,108.024301,"15.917955,107.818782 – 16.215529,108.224947","Hòa Vang, Da Nang, Vietnam"
"Huyện Hoàng Sa, Thành phố Đà Nẵng",16.054407,108.202167,"15.999203,108.177996 – 16.095135,108.235417","Da Nang, Hải Châu District, Da Nang, Vietnam"
"Thành phố Tam Kỳ, Tỉnh Quảng Nam",15.563829,108.482168,"15.506743,108.440727 – 15.645945,108.556693","Tam Kỳ, Quảng Nam, Vietnam"
"Thành phố Hội An, Tỉnh Quảng Nam",15.879924,108.326749,"15.85248,108.289568 – 15.984104,108.544579","Hội An, Quảng Nam, Vietnam"
"Huyện Tây Giang, Tỉnh Quảng Nam",15.851725,107.526847,"15.725511,107.210525 – 16.063563,107.656249","Tây Giang District, Quảng Nam, Vietnam"
"Huyện Đông Giang, Tỉnh Quảng Nam",15.926451,107.71625,"15.757474,107.587524 – 16.067075,107.985797","Đông Giang, Quảng Nam, Vietnam"
"Huyện Đại Lộc, Tỉnh Quảng Nam",15.836507,107.976888,"15.72059,107.801164 – 15.948053,108.152413","Đại Lộc District, Quảng Nam, Vietnam"
"Thị xã Điện Bàn, Tỉnh Quảng Nam",15.906497,108.214028,"15.830411,108.128395 – 15.976777,108.329993","Điện Bàn, Quảng Nam, Vietnam"
"Huyện Duy Xuyên, Tỉnh Quảng Nam",15.77511,108.166586,"15.713872,108.039782 – 15.876227,108.412428","Duy Xuyên District, Quảng Nam, Vietnam"
"Huyện Quế Sơn, Tỉnh Quảng Nam",15.680781,108.214028,"15.619634,108.119635 – 15.829893,108.352732","Quế Sơn District, Quảng Nam, Vietnam"
"Huyện Nam Giang, Tỉnh Quảng Nam",15.662855,107.621532,"15.386982,107.249242 – 15.827897,107.887701","Nam Giang District, Quảng Nam, Vietnam"
"Huyện Phước Sơn, Tỉnh Quảng Nam",15.376252,107.811,"15.192975,107.659592 – 15.581054,108.023345","Phước Sơn District, Quảng Nam, Vietnam"
"Huyện Hiệp Đức, Tỉnh Quảng Nam",15.553537,108.11915,"15.391931,107.947391 – 15.644693,108.256382","Hiệp Đức District, Quảng Nam, Vietnam"
"Huyện Thăng Bình, Tỉnh Quảng Nam",15.689035,108.380131,"15.584314,108.218066 – 15.831057,108.515214","Thăng Bình District, Quảng Nam, Vietnam"
"Huyện Tiên Phước, Tỉnh Quảng Nam",15.496401,108.261478,"15.378866,108.126622 – 15.603147,108.39269","Tiên Phước District, Quảng Nam, Vietnam"
"Huyện Bắc Trà My, Tỉnh Quảng Nam",15.320272,108.214028,"15.118206,107.945235 – 15.43624,108.469162","Bắc Trà My District, Quảng Nam, Vietnam"
"Huyện Nam Trà My, Tỉnh Quảng Nam",15.172624,108.095435,"14.951354,107.927729 – 15.314027,108.261363","Nam Trà My District, Quảng Nam, Vietnam"
"Huyện Núi Thành, Tỉnh Quảng Nam",15.427033,108.546317,"15.307441,108.422503 – 15.587079,108.739043","Núi Thành District, Quảng Nam, Vietnam"
"Huyện Phú Ninh, Tỉnh Quảng Nam",15.574326,108.403867,"15.391569,108.317609 – 15.631287,108.510395","Phú Ninh District, Quảng Nam, Vietnam"
"Thành phố Quảng Ngãi, Tỉnh Quảng Ngãi",15.12413,108.814383,"15.091268,108.7604 – 15.216282,108.924294","Quảng Ngãi, Quang Ngai, Vietnam"
"Huyện Bình Sơn, Tỉnh Quảng Ngãi",15.320762,108.736337,"15.192289,108.577335 – 15.425735,108.954247","Bình Sơn District, Quang Ngai, Vietnam"
"Huyện Trà Bồng, Tỉnh Quảng Ngãi",15.256005,108.515468,"15.072901,108.260906 – 15.344667,108.641696","Trà Bồng District, Quang Ngai, Vietnam"
"Huyện Sơn Tịnh, Tỉnh Quảng Ngãi",15.186095,108.736337,"15.125046,108.576954 – 15.267818,108.922733","Son Tinh District, Quang Ngai, Vietnam"
"Huyện Tư Nghĩa, Tỉnh Quảng Ngãi",15.108606,108.724458,"15.019116,108.613237 – 15.163487,108.904358","Tư Nghĩa District, Quang Ngai, Vietnam"
"Huyện Sơn Hà, Tỉnh Quảng Ngãi",15.043194,108.570064,"14.790143,108.319942 – 15.160054,108.658645","Sơn Hà District, Quang Ngai, Vietnam"
"Huyện Sơn Tây, Tỉnh Quảng Ngãi",14.948853,108.356397,"14.82065,108.235489 – 15.117841,108.481701","Sơn Tây District, Quang Ngai, Vietnam"
"Huyện Minh Long, Tỉnh Quảng Ngãi",14.965926,108.688823,"14.848634,108.576015 – 15.044374,108.771407","Minh Long District, Quang Ngai, Vietnam"
"Huyện Nghĩa Hành, Tỉnh Quảng Ngãi",14.990474,108.795738,"14.845894,108.687501 – 15.088146,108.854057","Nghĩa Hành District, Quang Ngai, Vietnam"
"Huyện Mộ Đức, Tỉnh Quảng Ngãi",14.949804,108.878915,"14.878295,108.791447 – 15.092909,108.955993","Mộ Đức District, Quang Ngai, Vietnam"
"Thị xã Đức Phổ, Tỉnh Quảng Ngãi",14.808578,108.957075,"14.577771,108.81622 – 14.919028,109.083905","Đức Phổ, Quảng Ngãi, Vietnam"
"Huyện Ba Tơ, Tỉnh Quảng Ngãi",14.766379,108.665068,"14.53273,108.480669 – 14.897449,108.979016","Ba Tơ District, Quang Ngai, Vietnam"
"Huyện Lý Sơn, Tỉnh Quảng Ngãi",15.383361,109.110711,"15.36916,109.077145 – 15.433271,109.147416","Lý Sơn District, Quang Ngai, Vietnam"
"Thành phố Quy Nhơn, Tỉnh Bình Định",13.782967,109.219663,"13.664503,109.132519 – 13.906741,109.322891","Quy Nhon, Binh Dinh, Vietnam"
"Huyện An Lão, Tỉnh Bình Định",14.571729,108.855148,"14.365401,108.627909 – 14.703202,108.974097","An Lão District, Binh Dinh, Vietnam"
"Thị xã Hoài Nhơn, Tỉnh Bình Định",14.49092,109.021544,"14.355868,108.938918 – 14.674021,109.128114","Hoài Nhơn District, Binh Dinh, Vietnam"
"Huyện Hoài Ân, Tỉnh Bình Định",14.393211,108.855148,"14.143203,108.77404 – 14.549853,109.032229","Hoài Ân District, Binh Dinh, Vietnam"
"Huyện Phù Mỹ, Tỉnh Bình Định",14.219684,109.069098,"14.081777,108.964222 – 14.407343,109.299759","Phù Mỹ District, Binh Dinh, Vietnam"
"Huyện Vĩnh Thạnh, Tỉnh Bình Định",14.24684,108.736337,"14.013269,108.601252 – 14.459776,108.875258","Vĩnh Thạnh District, Bình Định, Binh Dinh, Vietnam"
"Huyện Tây Sơn, Tỉnh Bình Định",13.947943,108.855148,"13.756878,108.743921 – 14.134801,109.029346","Tây Sơn District, Binh Dinh, Vietnam"
"Huyện Phù Cát, Tỉnh Bình Định",14.013782,109.140438,"13.901302,108.868233 – 14.222299,109.265846","Phù Cát District, Binh Dinh, Vietnam"
"Thị xã An Nhơn, Tỉnh Bình Định",13.886506,109.113435,"13.752977,108.949776 – 13.963495,109.18826","An Nhơn, Binh Dinh, Vietnam"
"Huyện Tuy Phước, Tỉnh Bình Định",13.856503,109.164221,"13.743564,109.054917 – 13.938176,109.259502","Tuy Phước District, Binh Dinh, Vietnam"
"Huyện Vân Canh, Tỉnh Bình Định",13.674033,108.950223,"13.515217,108.813767 – 13.836721,109.117997","Vân Canh District, Binh Dinh, Vietnam"
"Thành phố Tuy Hòa, Tỉnh Phú Yên",13.105706,109.295048,"13.007652,109.179468 – 13.179532,109.352074","Tuy Hòa, Phú Yên, Vietnam"
"Thị xã Sông Cầu, Tỉnh Phú Yên",13.580907,109.199193,"13.359667,109.089985 – 13.695915,109.331303","Sông Cầu, Phú Yên, Vietnam"
"Huyện Đồng Xuân, Tỉnh Phú Yên",13.408307,108.950223,"13.238464,108.703272 – 13.588509,109.192492","Đồng Xuân District, Phú Yên, Vietnam"
"Huyện Tuy An, Tỉnh Phú Yên",13.277522,109.21179,"13.141862,109.095004 – 13.381408,109.34401","Tuy An District, Phú Yên, Vietnam"
"Huyện Sơn Hòa, Tỉnh Phú Yên",13.143169,108.950223,"13.009779,108.755348 – 13.400438,109.155647","Sơn Hòa District, Phú Yên, Vietnam"
"Huyện Sông Hinh, Tỉnh Phú Yên",12.878635,108.950223,"12.706478,108.673108 – 13.102928,109.118011","Sông Hinh District, Phú Yên, Vietnam"
"Huyện Tây Hòa, Tỉnh Phú Yên",12.928582,109.164221,"12.781151,109.00106 – 13.047225,109.331428","Tây Hòa District, Phú Yên, Vietnam"
"Huyện Phú Hòa, Tỉnh Phú Yên",13.060695,109.164221,"12.982479,109.0806 – 13.153959,109.303298","Phú Hòa District, Phú Yên, Vietnam"
"Thị xã Đông Hòa, Tỉnh Phú Yên",12.958064,109.354527,"12.825336,109.273135 – 13.065066,109.459014","Đông Hòa District, Phú Yên, Vietnam"
"Thành phố Nha Trang, Tỉnh Khánh Hòa",12.252915,109.189902,"12.143389,109.110031 – 12.375551,109.382973","Nha Trang, Khánh Hòa, Vietnam"
"Thành phố Cam Ranh, Tỉnh Khánh Hòa",11.966212,109.191558,"11.760403,109.002228 – 12.029919,109.30259","Cam Ranh, Khánh Hòa, Vietnam"
"Huyện Cam Lâm, Tỉnh Khánh Hòa",12.07539,109.140438,"11.935382,108.941816 – 12.213055,109.328565","Cam Lâm District, Khánh Hòa, Vietnam"
"Huyện Vạn Ninh, Tỉnh Khánh Hòa",12.749107,109.21179,"12.546503,109.087426 – 12.868524,109.469249","Vạn Ninh District, Khánh Hòa, Vietnam"
"Thị xã Ninh Hòa, Tỉnh Khánh Hòa",12.486496,109.134581,"12.326251,108.863354 – 12.750781,109.398422","Ninh Hòa, Khánh Hòa, Vietnam"
"Huyện Khánh Vĩnh, Tỉnh Khánh Hòa",12.270595,108.855148,"12.087061,108.671013 – 12.504883,109.067301","Khánh Vĩnh District, Khánh Hòa, Vietnam"
"Huyện Diên Khánh, Tỉnh Khánh Hòa",12.257042,109.04532,"12.165955,108.935666 – 12.389927,109.143083","Diên Khánh District, Khánh Hòa, Vietnam"
"Huyện Khánh Sơn, Tỉnh Khánh Hòa",12.024942,108.926452,"11.91436,108.786185 – 12.159904,109.011101","Khánh Sơn District, Khánh Hòa, Vietnam"
"Huyện Trường Sa, Tỉnh Khánh Hòa",12.209887,109.092876,"11.768928,108.671013 – 12.868524,109.469249","Khánh Hòa, Vietnam"
"Thành phố Phan Rang-Tháp Chàm, Tỉnh Ninh Thuận",11.582568,108.991207,"11.524433,108.920517 – 11.674344,109.044628","Phan Rang–Tháp Chàm, Ninh Thuận, Vietnam"
"Huyện Bác Ái, Tỉnh Ninh Thuận",11.833415,108.855148,"11.658223,108.659772 – 12.164534,109.059992","Bác Ái District, Ninh Thuận, Vietnam"
"Huyện Ninh Sơn, Tỉnh Ninh Thuận",11.68887,108.736337,"11.499455,108.551662 – 11.920764,108.947458","Ninh Sơn District, Ninh Thuận, Vietnam"
"Huyện Ninh Hải, Tỉnh Ninh Thuận",11.671446,109.152329,"11.562695,108.957502 – 11.786846,109.23348","Ninh Hải District, Ninh Thuận, Vietnam"
"Huyện Ninh Phước, Tỉnh Ninh Thuận",11.548675,108.878915,"11.46658,108.734099 – 11.655151,109.025969","Ninh Phước District, Ninh Thuận, Vietnam"
"Huyện Thuận Bắc, Tỉnh Ninh Thuận",11.753333,109.069098,"11.627593,108.968657 – 11.861252,109.195463","Thuận Bắc District, Ninh Thuận, Vietnam"
"Huyện Thuận Nam, Tỉnh Ninh Thuận",11.418287,108.878915,"11.306938,108.664274 – 11.596019,109.020774","Thuan Nam, Ninh Thuận, Vietnam"
"Thành phố Phan Thiết, Tỉnh Bình Thuận",10.930068,108.10409,"10.770917,107.990443 – 11.023803,108.357474","Phan Thiet, Bình Thuận, Vietnam"
"Thị xã La Gi, Tỉnh Bình Thuận",10.683699,107.750447,"10.629903,107.666865 – 10.796286,107.88654","La Gi, Bình Thuận, Vietnam"
"Huyện Tuy Phong, Tỉnh Bình Thuận",11.323752,108.665068,"11.12732,108.500702 – 11.555579,108.875917","Tuy Phong District, Bình Thuận, Vietnam"
"Huyện Bắc Bình, Tỉnh Bình Thuận",11.255183,108.380131,"10.995848,108.106398 – 11.532244,108.61639","Bắc Bình District, Bình Thuận, Vietnam"
"Huyện Hàm Thuận Bắc, Tỉnh Bình Thuận",11.09921,108.095435,"10.940485,107.801977 – 11.36961,108.306866","Hàm Thuận Bắc District, Bình Thuận, Vietnam"
"Huyện Hàm Thuận Nam, Tỉnh Bình Thuận",10.850294,107.905781,"10.699403,107.755473 – 11.176585,108.068669","Hàm Thuận Nam District, Bình Thuận, Vietnam"
"Huyện Tánh Linh, Tỉnh Bình Thuận",11.122377,107.71625,"10.907796,107.508 – 11.371781,107.87128","Tánh Linh District, Bình Thuận, Vietnam"
"Huyện Đức Linh, Tỉnh Bình Thuận",11.197729,107.550515,"11.00705,107.394199 – 11.381743,107.661868","Đức Linh District, Bình Thuận, Vietnam"
"Huyện Hàm Tân, Tỉnh Bình Thuận",10.693593,107.621532,"10.569099,107.504017 – 10.918499,107.794904","Hàm Tân District, Bình Thuận, Vietnam"
"Huyện Phú Quí, Tỉnh Bình Thuận",10.533528,108.94428,"10.48313,108.922451 – 10.568771,108.969445","Phu Quy, Bình Thuận, Vietnam"
"Thành phố Kon Tum, Tỉnh Kon Tum",14.34974,108.000461,"14.230774,107.850895 – 14.454961,108.088045","Kon Tum, Vietnam"
"Huyện Đắk Glei, Tỉnh Kon Tum",15.113472,107.71625,"14.856682,107.466934 – 15.417533,108.003829","Đắk Glei District, Kon Tum, Vietnam"
"Huyện Ngọc Hồi, Tỉnh Kon Tum",14.760924,107.621532,"14.50315,107.50542 – 14.974692,107.794606","Ngọc Hồi District, Kon Tum, Vietnam"
"Huyện Đắk Tô, Tỉnh Kon Tum",14.656202,107.811,"14.521173,107.700385 – 14.846199,107.938439","Đắk Tô, Kon Tum, Vietnam"
"Huyện Kon Plông, Tỉnh Kon Tum",14.797689,108.285205,"14.54371,108.125096 – 15.061998,108.546889","Kon Plông District, Kon Tum, Vietnam"
"Huyện Kon Rẫy, Tỉnh Kon Tum",14.446934,108.190306,"14.334166,108.059191 – 14.765173,108.384093","Kon Rẫy District, Kon Tum, Vietnam"
"Huyện Đăk Hà, Tỉnh Kon Tum",14.641214,108.000593,"14.396935,107.861324 – 14.829133,108.140872","Đắk Hà District, Kon Tum, Vietnam"
"Huyện Sa Thầy, Tỉnh Kon Tum",14.435578,107.763621,"13.921423,107.332274 – 14.613047,107.889116","Sa Thầy District, Kon Tum, Vietnam"
"Huyện Tu Mơ Rông, Tỉnh Kon Tum",14.910579,108.000593,"14.73796,107.775325 – 15.038062,108.158307","Tu Mơ Rông District, Kon Tum, Vietnam"
"Huyện Ia H'Drai, Tỉnh Kon Tum",14.517883,107.858387,"13.921423,107.332274 – 15.417533,108.546889","Kon Tum, Vietnam"
"Thành phố Pleiku, Tỉnh Gia Lai",13.971836,108.01508,"13.844289,107.841153 – 14.0801,108.098716","Pleiku, Gia Lai, Vietnam"
"Thị xã An Khê, Tỉnh Gia Lai",14.027926,108.688823,"13.913823,108.633671 – 14.128585,108.763103","Tx. An Khê, Gia Lai, Vietnam"
"Thị xã Ayun Pa, Tỉnh Gia Lai",13.374339,108.398981,"13.179783,108.311806 – 13.44059,108.524494","Ayun Pa, Gia Lai, Vietnam"
"Huyện KBang, Tỉnh Gia Lai",14.334806,108.475085,"13.999705,108.29151 – 14.603162,108.686947","K'Bang District, Gia Lai, Vietnam"
"Huyện Đak Đoa, Tỉnh Gia Lai",14.068901,108.166586,"13.83463,107.998434 – 14.39655,108.324004","Đắk Đoa District, Gia Lai, Vietnam"
"Huyện Chư Păh, Tỉnh Gia Lai",14.176531,107.929482,"14.051707,107.657964 – 14.392284,108.232503","Chư Păh District, Gia Lai, Vietnam"
"Huyện Ia Grai, Tỉnh Gia Lai",13.95391,107.621532,"13.840617,107.454229 – 14.140381,107.988708","Ia Grai District, Gia Lai, Vietnam"
"Huyện Mang Yang, Tỉnh Gia Lai",13.992802,108.285205,"13.673203,108.160892 – 14.239271,108.463468","Mang Yang District, Gia Lai, Vietnam"
"Huyện Kông Chro, Tỉnh Gia Lai",13.776609,108.525539,"13.766731,108.520203 – 13.78357,108.534451","Kông Chro, Kông Chro District, Gia Lai, Vietnam"
"Huyện Đức Cơ, Tỉnh Gia Lai",13.775233,107.621532,"13.619422,107.4517 – 13.922403,107.833019","Đức Cơ District, Gia Lai, Vietnam"
"Huyện Chư Prông, Tỉnh Gia Lai",13.541918,107.763621,"13.306451,107.573934 – 13.881006,108.018996","Chư Prông District, Gia Lai, Vietnam"
"Huyện Chư Sê, Tỉnh Gia Lai",13.739963,108.095435,"13.532675,107.972759 – 13.862877,108.315839","Chư Sê District, Gia Lai, Vietnam"
"Huyện Đăk Pơ, Tỉnh Gia Lai",13.946425,108.593812,"13.78965,108.41482 – 14.068122,108.797044","Đắk Pơ District, Gia Lai, Vietnam"
"Huyện Ia Pa, Tỉnh Gia Lai",13.526151,108.570064,"13.359975,108.282614 – 13.694147,108.742195","Ia Pa District, Gia Lai, Vietnam"
"Huyện Krông Pa, Tỉnh Gia Lai",13.253137,108.665068,"12.995729,108.436883 – 13.474088,108.873318","Krông Pa District, Gia Lai, Vietnam"
"Huyện Phú Thiện, Tỉnh Gia Lai",13.458931,108.285205,"13.346392,108.202158 – 13.665486,108.43686","Phú Thiện District, Gia Lai, Vietnam"
"Huyện Chư Pưh, Tỉnh Gia Lai",13.473053,108.095435,"13.373199,107.918994 – 13.645157,108.233396","Chư Pưh District, Gia Lai, Vietnam"
"Thành phố Buôn Ma Thuột, Tỉnh Đắk Lắk",12.666194,108.038248,"12.55272,107.892094 – 12.769951,108.163319","Buon Ma Thuot, Dak Lak, Vietnam"
"Thị Xã Buôn Hồ, Tỉnh Đắk Lắk",12.850047,108.25418,"12.75206,108.186367 – 12.949068,108.372109","Buôn Hồ, Dak Lak, Vietnam"
"Huyện Ea H'leo, Tỉnh Đắk Lắk",13.199814,108.190306,"13.047227,107.955162 – 13.416587,108.465321","Ea H'leo District, Dak Lak, Vietnam"
"Huyện Ea Súp, Tỉnh Đắk Lắk",13.186223,107.763621,"12.961488,107.518742 – 13.400511,108.050431","Ea Súp District, Dak Lak, Vietnam"
"Huyện Buôn Đôn, Tỉnh Đắk Lắk",12.879161,107.71625,"12.668176,107.484724 – 13.08835,108.029821","Buôn Đôn District, Dak Lak, Vietnam"
"Huyện Cư M'gar, Tỉnh Đắk Lắk",12.852565,108.095435,"12.714495,107.916705 – 13.076016,108.22673","Cư M'gar District, Dak Lak, Vietnam"
"Huyện Krông Búk, Tỉnh Đắk Lắk",13.022683,108.190306,"12.900289,108.095557 – 13.126226,108.300202","Krong Buk, Dak Lak, Vietnam"
"Huyện Krông Năng, Tỉnh Đắk Lắk",13.008919,108.380131,"12.838472,108.274313 – 13.158166,108.521359","Krông Năng District, Dak Lak, Vietnam"
"Huyện Ea Kar, Tỉnh Đắk Lắk",12.64227,108.570064,"12.572563,108.370862 – 13.034936,108.724958","Ea Kar District, Dak Lak, Vietnam"
"Huyện M'Đrắk, Tỉnh Đắk Lắk",12.716559,108.760096,"12.451888,108.581838 – 12.954195,108.9953","M'Đrăk District, Dak Lak, Vietnam"
"Huyện Krông Bông, Tỉnh Đắk Lắk",12.473032,108.475085,"12.27619,108.177581 – 12.626887,108.728241","Krông Bông District, Dak Lak, Vietnam"
"Huyện Krông Pắc, Tỉnh Đắk Lắk",12.743997,108.380131,"12.535475,108.130156 – 12.838472,108.496517","Krông Pắk District, Dak Lak, Vietnam"
"Huyện Krông A Na, Tỉnh Đắk Lắk",12.479119,108.071722,"12.395696,107.886636 – 12.591775,108.179854","Krông Ana District, Dak Lak, Vietnam"
"Huyện Lắk, Tỉnh Đắk Lắk",12.316936,108.190306,"12.160793,107.91268 – 12.481632,108.502245","Lắk District, Dak Lak, Vietnam"
"Huyện Cư Kuin, Tỉnh Đắk Lắk",12.581059,108.190306,"12.490603,108.0606 – 12.664388,108.285852","Cư Kuin District, Dak Lak, Vietnam"
"Thành phố Gia Nghĩa, Tỉnh Đắk Nông",12.00452,107.683,"11.885305,107.575894 – 12.141208,107.787209","Gia Nghĩa, Dak Nong, Vietnam"
"Huyện Đăk Glong, Tỉnh Đắk Nông",12.072419,107.905781,"11.790246,107.716578 – 12.269199,108.116696","Đăk Glong District, Dak Nong, Vietnam"
"Huyện Cư Jút, Tỉnh Đắk Nông",12.702152,107.71625,"12.546244,107.558724 – 12.812316,107.935555","Cư Jút District, Dak Nong, Vietnam"
"Huyện Đắk Mil, Tỉnh Đắk Nông",12.504954,107.692567,"12.338317,107.541961 – 12.700988,107.86864","Đăk Mil District, Dak Nong, Vietnam"
"Huyện Krông Nô, Tỉnh Đắk Nông",12.342648,107.811,"12.186683,107.700081 – 12.552111,108.096717","Krông Nô District, Dak Nong, Vietnam"
"Huyện Đắk Song, Tỉnh Đắk Nông",12.26714,107.621532,"12.043729,107.434689 – 12.423169,107.78749","Đăk Song District, Dak Nong, Vietnam"
"Huyện Đắk R'Lấp, Tỉnh Đắk Nông",11.921334,107.526847,"11.748847,107.367148 – 12.051473,107.662792","Đăk R'Lấp District, Dak Nong, Vietnam"
"Huyện Tuy Đức, Tỉnh Đắk Nông",12.150397,107.384883,"11.932508,107.206454 – 12.334706,107.59471","Tuy Đức, Dak Nong, Vietnam"
"Thành phố Đà Lạt, Tỉnh Lâm Đồng",11.940419,108.458313,"11.805187,108.310776 – 12.002635,108.59067","Dalat, Lam Dong, Vietnam"
"Thành phố Bảo Lộc, Tỉnh Lâm Đồng",11.573105,107.834692,"11.438638,107.698288 – 11.657406,107.894089","Bảo Lộc, Lam Dong, Vietnam"
"Huyện Đam Rông, Tỉnh Lâm Đồng",12.059822,108.095435,"11.852477,107.962771 – 12.230551,108.390493","Đam Rông District, Lam Dong, Vietnam"
"Huyện Lạc Dương, Tỉnh Lâm Đồng",12.115299,108.570064,"11.959309,108.320787 – 12.317439,108.73195","Lạc Dương District, Lam Dong, Vietnam"
"Huyện Lâm Hà, Tỉnh Lâm Đồng",11.790683,108.190306,"11.649837,107.970358 – 12.071512,108.426096","Lâm Hà District, Lam Dong, Vietnam"
"Huyện Đơn Dương, Tỉnh Lâm Đồng",11.745233,108.546317,"11.639,108.39254 – 11.972036,108.701759","Đơn Dương District, Lam Dong, Vietnam"
"Huyện Đức Trọng, Tỉnh Lâm Đồng",11.603509,108.380131,"11.505113,108.214803 – 11.885612,108.582603","Đức Trọng District, Lam Dong, Vietnam"
"Huyện Di Linh, Tỉnh Lâm Đồng",11.534675,108.095435,"11.215165,107.874701 – 11.823261,108.306782","Di Linh District, Lam Dong, Vietnam"
"Huyện Bảo Lâm, Tỉnh Lâm Đồng",11.733786,107.71625,"11.358008,107.484112 – 11.922287,107.968219","Bảo Lâm District, Lam Dong, Vietnam"
"Huyện Đạ Huoai, Tỉnh Lâm Đồng",11.410152,107.645209,"11.322768,107.475178 – 11.580789,107.798841","Đạ Huoai District, Lam Dong, Vietnam"
"Thị xã Phước Long, Tỉnh Bình Phước",11.833733,106.994895,"11.768359,106.920533 – 11.879278,107.070592","Phước Long, Binh Phuoc, Vietnam"
"Thành phố Đồng Xoài, Tỉnh Bình Phước",11.534407,106.890492,"11.460801,106.754813 – 11.575923,106.93208","Dong Xoai, Binh Phuoc, Vietnam"
"Thị xã Bình Long, Tỉnh Bình Phước",11.709652,106.591164,"11.604992,106.495929 – 11.739876,106.647162","Bình Long, Binh Phuoc, Vietnam"
"Huyện Bù Gia Mập, Tỉnh Bình Phước",12.039224,107.053943,"11.836317,106.749285 – 12.298437,107.240926","Bù Gia Mập District, Binh Phuoc, Vietnam"
"Huyện Lộc Ninh, Tỉnh Bình Phước",11.803677,106.581979,"11.656935,106.411722 – 11.989234,106.764423","Lộc Ninh, Binh Phuoc, Vietnam"
"Huyện Bù Đốp, Tỉnh Bình Phước",11.989187,106.794241,"11.87849,106.671589 – 12.093884,106.996144","Bù Đốp District, Binh Phuoc, Vietnam"
"Huyện Hớn Quản, Tỉnh Bình Phước",11.601462,106.65271,"11.467507,106.422087 – 11.785666,106.782576","Hớn Quản District, Binh Phuoc, Vietnam"
"Huyện Đồng Phú, Tỉnh Bình Phước",11.494079,106.983087,"11.301407,106.766031 – 11.655734,107.142757","Đồng Phú District, Binh Phuoc, Vietnam"
"Huyện Bù Đăng, Tỉnh Bình Phước",11.769337,107.148452,"11.502141,107.049379 – 12.03909,107.427652","Bù Đăng District, Binh Phuoc, Vietnam"
"Thị xã Chơn Thành, Tỉnh Bình Phước",11.46969,106.65271,"11.353771,106.538968 – 11.604037,106.778364","Chơn Thành District, Binh Phuoc, Vietnam"
"Huyện Phú Riềng, Tỉnh Bình Phước",11.659522,106.898914,"11.602021,106.742206 – 11.873155,107.085709","Phú Riềng district, Binh Phuoc, Vietnam"
"Thành phố Tây Ninh, Tỉnh Tây Ninh",11.335155,106.109885,"11.293289,106.071294 – 11.438437,106.188013","Tây Ninh, Vietnam"
"Huyện Tân Biên, Tỉnh Tây Ninh",11.572115,106.016997,"11.392359,105.808429 – 11.782825,106.123078","Tân Biên District, Tây Ninh, Vietnam"
"Huyện Tân Châu, Tỉnh Tây Ninh",11.556052,106.299291,"11.406285,106.104392 – 11.750205,106.492408","Tân Châu District, Tây Ninh, Vietnam"
"Huyện Dương Minh Châu, Tỉnh Tây Ninh",11.315688,106.275751,"11.188458,106.13845 – 11.471364,106.364149","Dương Minh Châu District, Tây Ninh, Vietnam"
"Huyện Châu Thành, Tỉnh Tây Ninh",11.308139,106.016997,"11.179022,105.864438 – 11.453328,106.149137","Châu Thành District, Tây Ninh, Vietnam"
"Thị xã Hòa Thành, Tỉnh Tây Ninh",11.268046,106.146332,"11.21016,106.087638 – 11.30527,106.207301","Hòa Thành District, Tây Ninh, Vietnam"
"Huyện Gò Dầu, Tỉnh Tây Ninh",11.140278,106.275751,"11.047275,106.13855 – 11.272859,106.355331","Gò Dầu District, Tây Ninh, Vietnam"
"Huyện Bến Cầu, Tỉnh Tây Ninh",11.118406,106.175738,"11.102357,106.154537 – 11.143961,106.196508","Bến Cầu, Tây Ninh, Vietnam"
"Thị xã Trảng Bàng, Tỉnh Tây Ninh",11.091269,106.369927,"10.962521,106.163699 – 11.246801,106.447638","Trảng Bàng, Tây Ninh, Vietnam"
"Thành phố Thủ Dầu Một, Tỉnh Bình Dương",10.992984,106.655707,"10.939785,106.595187 – 11.110927,106.718702","Thủ Dầu Một, Binh Duong, Vietnam"
"Huyện Bàu Bàng, Tỉnh Bình Dương",11.253164,106.605553,"11.151703,106.497678 – 11.387474,106.721705","Bàu Bàng, Bau Bang, Binh Duong, Vietnam"
"Huyện Dầu Tiếng, Tỉnh Bình Dương",11.348909,106.464146,"11.134766,106.326367 – 11.500854,106.576689","Dầu Tiếng District, Binh Duong, Vietnam"
"Thành phố Bến Cát, Tỉnh Bình Dương",11.131836,106.60729,"11.034262,106.50743 – 11.229596,106.693848","Bến Cát, Binh Duong, Vietnam"
"Huyện Phú Giáo, Tỉnh Bình Dương",11.265582,106.770646,"11.187519,106.644143 – 11.491859,106.953025","Phú Giáo District, Binh Duong, Vietnam"
"Thành phố Tân Uyên, Tỉnh Bình Dương",11.049492,106.757675,"10.959215,106.683129 – 11.154163,106.825795","Tan Uyen, Binh Duong, Vietnam"
"Thành phố Dĩ An, Tỉnh Bình Dương",10.896476,106.752742,"10.858532,106.736582 – 10.968916,106.840571","Dĩ An, Binh Duong, Vietnam"
"Thành phố Thuận An, Tỉnh Bình Dương",10.924067,106.713031,"10.86594,106.650367 – 10.997507,106.753349","Thuận An, Binh Duong, Vietnam"
"Huyện Bắc Tân Uyên, Tỉnh Bình Dương",11.092361,106.832741,"11.020048,106.677933 – 11.255487,106.966831","Bắc Tân Uyên, Binh Duong, Vietnam"
"Thành phố Biên Hòa, Tỉnh Đồng Nai",10.957413,106.842687,"10.822684,106.761875 – 11.005568,106.986408","Bien Hoa, Dong Nai, Vietnam"
"Thành phố Long Khánh, Tỉnh Đồng Nai",10.932957,107.243701,"10.845404,107.15824 – 11.032763,107.327662","Long Khanh, Dong Nai, Vietnam"
"Huyện Tân Phú, Tỉnh Đồng Nai",11.380934,107.408538,"11.176996,107.177998 – 11.581994,107.543191","Tân Phú District, Dong Nai, Vietnam"
"Huyện Vĩnh Cửu, Tỉnh Đồng Nai",11.24909,107.053943,"10.972805,106.774632 – 11.512514,107.23244","Vĩnh Cửu District, Dong Nai, Vietnam"
"Huyện Định Quán, Tỉnh Đồng Nai",11.237934,107.242998,"11.023988,107.108729 – 11.397239,107.462165","Định Quán District, Dong Nai, Vietnam"
"Huyện Trảng Bom, Tỉnh Đồng Nai",10.966704,107.030322,"10.84878,106.903064 – 11.103763,107.129977","Trảng Bom District, Dong Nai, Vietnam"
"Huyện Thống Nhất, Tỉnh Đồng Nai",11.045722,107.172085,"10.848662,107.058869 – 11.100065,107.259236","Thống Nhất District, Dong Nai, Vietnam"
"Huyện Cẩm Mỹ, Tỉnh Đồng Nai",10.82257,107.26664,"10.668147,107.071806 – 10.899543,107.419597","Cẩm Mỹ District, Dong Nai, Vietnam"
"Huyện Long Thành, Tỉnh Đồng Nai",10.749013,107.030322,"10.642982,106.864265 – 10.871453,107.147394","Long Thành District, Dong Nai, Vietnam"
"Huyện Xuân Lộc, Tỉnh Đồng Nai",10.965203,107.432196,"10.765344,107.237223 – 11.088876,107.577289","Xuân Lộc District, Dong Nai, Vietnam"
"Huyện Nhơn Trạch, Tỉnh Đồng Nai",10.669942,106.888644,"10.522389,106.751168 – 10.785227,107.028647","Nhơn Trạch District, Dong Nai, Vietnam"
"Thành phố Vũng Tàu, Tỉnh Bà Rịa - Vũng Tàu",10.41138,107.136224,"10.321904,107.034302 – 10.484774,107.2118","Vũng Tàu, Ba Ria - Vung Tau, Vietnam"
"Thành phố Bà Rịa, Tỉnh Bà Rịa - Vũng Tàu",10.508928,107.181626,"10.454376,107.112551 – 10.562762,107.246723","Ba Ria, Ba Ria - Vung Tau, Vietnam"
"Huyện Châu Đức, Tỉnh Bà Rịa - Vũng Tàu",10.62847,107.242998,"10.537322,107.138102 – 10.774235,107.370496","Châu Đức District, Ba Ria - Vung Tau, Vietnam"
"Huyện Xuyên Mộc, Tỉnh Bà Rịa - Vũng Tàu",10.617768,107.432196,"10.455179,107.342266 – 10.803912,107.573272","Xuyên Mộc District, Ba Ria - Vung Tau, Vietnam"
"Huyện Long Đất, Tỉnh Bà Rịa - Vũng Tàu",10.54174,107.242998,"8.628084,106.536388 – 10.803912,107.573272","Ba Ria - Vung Tau, Vietnam"
"Thành phố Phú Mỹ, Tỉnh Bà Rịa - Vũng Tàu",10.583324,107.072273,"10.581975,107.070924 – 10.584673,107.073622","Phú Mỹ, Ba Ria - Vung Tau, Vietnam"
"Huyện Côn Đảo, Tỉnh Bà Rịa - Vũng Tàu",8.700928,106.611447,"8.628096,106.536344 – 8.760771,106.743397","Côn Đảo, Con Dao, Ba Ria - Vung Tau, Vietnam"
"Quận 1, Thành phố Hồ Chí Minh",10.775388,106.702825,"10.753551,106.681701 – 10.796917,106.71556","District 1, Ho Chi Minh City, Vietnam"
"Quận 12, Thành phố Hồ Chí Minh",10.87318,106.658605,"10.818355,106.603246 – 10.904236,106.71793","District 12, Ho Chi Minh City, Vietnam"
"Quận Gò Vấp, Thành phố Hồ Chí Minh",10.839823,106.670396,"10.809958,106.631988 – 10.860792,106.701084","Go Vap, Ho Chi Minh City, Vietnam"
"Quận Bình Thạnh, Thành phố Hồ Chí Minh",10.816072,106.705773,"10.785387,106.683863 – 10.839022,106.751535","Bình Thạnh, Ho Chi Minh City, Vietnam"
"Quận Tân Bình, Thành phố Hồ Chí Minh",10.808431,106.646815,"10.76898,106.627903 – 10.837456,106.678615","Tân Bình, Ho Chi Minh City, Vietnam"
"Quận Tân Phú, Thành phố Hồ Chí Minh",10.798831,106.623236,"10.758253,106.606954 – 10.824683,106.647694","Tân Phú, Ho Chi Minh City, Vietnam"
"Quận Phú Nhuận, Thành phố Hồ Chí Minh",10.798472,106.67924,"10.787968,106.66589 – 10.814309,106.692473","Phú Nhuận, Ho Chi Minh City, Vietnam"
"Thành phố Thủ Đức, Thành phố Hồ Chí Minh",10.857695,106.741156,"10.74045,106.697693 – 10.899026,106.881759","Thủ Đức City, Ho Chi Minh City, Vietnam"
"Quận 3, Thành phố Hồ Chí Minh",10.781808,106.685136,"10.765438,106.664623 – 10.792465,106.698091","District 3, Ho Chi Minh City, Vietnam"
"Quận 10, Thành phố Hồ Chí Minh",10.77189,106.667448,"10.758464,106.655952 – 10.786928,106.682857","District 10, Ho Chi Minh City, Vietnam"
"Quận 11, Thành phố Hồ Chí Minh",10.76197,106.649762,"10.753392,106.634163 – 10.77842,106.661535","District 11, Ho Chi Minh City, Vietnam"
"Quận 4, Thành phố Hồ Chí Minh",10.759055,106.702825,"10.751811,106.686372 – 10.769755,106.722356","District 4, Ho Chi Minh City, Vietnam"
"Quận 5, Thành phố Hồ Chí Minh",10.755555,106.667448,"10.746242,106.650532 – 10.765438,106.687089","District 5, Ho Chi Minh City, Vietnam"
"Quận 6, Thành phố Hồ Chí Minh",10.74372,106.635025,"10.729857,106.621108 – 10.762366,106.65489","District 6, Ho Chi Minh City, Vietnam"
"Quận 8, Thành phố Hồ Chí Minh",10.729949,106.637972,"10.692486,106.597913 – 10.752275,106.693062","District 8, Ho Chi Minh City, Vietnam"
"Quận Bình Tân, Thành phố Hồ Chí Minh",10.762314,106.593766,"10.711006,106.55831 – 10.827504,106.625248","Bình Tân, Ho Chi Minh City, Vietnam"
"Quận 7, Thành phố Hồ Chí Minh",10.738544,106.729361,"10.697797,106.690068 – 10.777409,106.766659","District 7, Ho Chi Minh City, Vietnam"
"Huyện Củ Chi, Thành phố Hồ Chí Minh",10.995955,106.511271,"10.914378,106.356716 – 11.159536,106.657444","Củ Chi, Ho Chi Minh City, Vietnam"
"Huyện Hóc Môn, Thành phố Hồ Chí Minh",10.89313,106.593766,"10.826155,106.496242 – 10.928846,106.692858","Hóc Môn, Ho Chi Minh City, Vietnam"
"Huyện Bình Chánh, Thành phố Hồ Chí Minh",10.721314,106.546622,"10.625391,106.463562 – 10.871773,106.695003","Bình Chánh, Ho Chi Minh City, Vietnam"
"Huyện Nhà Bè, Thành phố Hồ Chí Minh",10.668791,106.71167,"10.576124,106.673118 – 10.725593,106.783363","Nhà Bè, Ho Chi Minh City, Vietnam"
"Huyện Cần Giờ, Thành phố Hồ Chí Minh",10.475805,106.86504,"10.36332,106.735018 – 10.675186,107.013669","Cần Giờ, Ho Chi Minh City, Vietnam"
"Thành phố Tân An, Tỉnh Long An",10.538341,106.40513,"10.475093,106.346122 – 10.576587,106.460552","Tan An, Long An, Vietnam"
"Thị xã Kiến Tường, Tỉnh Long An",10.778731,105.927857,"10.685887,105.816837 – 10.903268,106.034718","Kiến Tường, Long An, Vietnam"
"Huyện Tân Hưng, Tỉnh Long An",10.822652,105.664714,"10.653724,105.498589 – 10.979799,105.819841","Tân Hưng District, Long An, Vietnam"
"Huyện Vĩnh Hưng, Tỉnh Long An",10.902861,105.805547,"10.72949,105.63626 – 11.03217,105.900482","Vĩnh Hưng District, Long An, Vietnam"
"Huyện Mộc Hóa, Tỉnh Long An",10.759305,106.040506,"10.652458,105.921602 – 10.860853,106.117378","Mộc Hóa District, Long An, Vietnam"
"Huyện Tân Thạnh, Tỉnh Long An",10.607803,106.016997,"10.522866,105.804774 – 10.732594,106.102568","Tân Thạnh District, Long An, Vietnam"
"Huyện Thạnh Hóa, Tỉnh Long An",10.664587,106.18162,"10.57544,106.039483 – 10.811655,106.335264","Thạnh Hóa District, Long An, Vietnam"
"Huyện Đức Huệ, Tỉnh Long An",10.87778,106.275751,"10.742941,106.138096 – 10.987179,106.3926","Đức Huệ District, Long An, Vietnam"
"Huyện Đức Hòa, Tỉnh Long An",10.870103,106.417031,"10.740895,106.269961 – 11.026342,106.534745","Đức Hòa, Long An, Vietnam"
"Huyện Bến Lức, Tỉnh Long An",10.693103,106.464146,"10.589403,106.326108 – 10.798048,106.560134","Bến Lức, Long An, Vietnam"
"Huyện Thủ Thừa, Tỉnh Long An",10.700686,106.322834,"10.543408,106.230172 – 10.777988,106.446627","Thủ Thừa District, Long An, Vietnam"
"Huyện Tân Trụ, Tỉnh Long An",10.52801,106.499489,"10.460273,106.438378 – 10.59762,106.568932","Tân Trụ District, Long An, Vietnam"
"Huyện Cần Đước, Tỉnh Long An",10.511485,106.605553,"10.436168,106.482904 – 10.640686,106.739522","Cần Đước District, Long An, Vietnam"
"Huyện Cần Giuộc, Tỉnh Long An",10.59588,106.65271,"10.496394,106.541524 – 10.658183,106.748486","Cần Giuộc, Long An, Vietnam"
"Huyện Châu Thành, Tỉnh Long An",10.464065,106.475926,"10.395415,106.414581 – 10.531927,106.589266","Châu Thành District, Long An, Vietnam"
"Thành phố Mỹ Tho, Tỉnh Tiền Giang",10.376528,106.343889,"10.319141,106.276631 – 10.419274,106.413917","Mỹ Tho, Tien Giang, Vietnam"
"Thành phố Gò Công, Tỉnh Tiền Giang",10.36458,106.678122,"10.33489,106.584549 – 10.483761,106.714618","Gò Công, Tien Giang, Vietnam"
"Thị xã Cai Lậy, Tỉnh Tiền Giang",10.405064,106.118672,"10.403715,106.117323 – 10.406413,106.12002","Cai Lậy, Tien Giang, Vietnam"
"Huyện Tân Phước, Tỉnh Tiền Giang",10.531421,106.22868,"10.431065,106.089922 – 10.587144,106.3486","Tân Phước District, Tien Giang, Vietnam"
"Huyện Cái Bè, Tỉnh Tiền Giang",10.371887,105.946487,"10.273804,105.815732 – 10.536373,106.054815","Cái Bè District, Tien Giang, Vietnam"
"Huyện Cai Lậy, Tỉnh Tiền Giang",10.32126,106.087533,"10.277372,106.000837 – 10.532332,106.205846","Cai Lậy District, Tien Giang, Vietnam"
"Huyện Châu Thành, Tỉnh Tiền Giang",10.3985,106.275751,"10.314162,106.179224 – 10.528848,106.389988","Châu Thành District, Tien Giang, Vietnam"
"Huyện Chợ Gạo, Tỉnh Tiền Giang",10.345277,106.464146,"10.297703,106.345014 – 10.492186,106.554403","Chợ Gạo District, Tien Giang, Vietnam"
"Huyện Gò Công Tây, Tỉnh Tiền Giang",10.337863,106.605553,"10.276035,106.514657 – 10.433514,106.687078","Gò Công Tây District, Tien Giang, Vietnam"
"Huyện Gò Công Đông, Tỉnh Tiền Giang",10.373725,106.747054,"10.257847,106.660578 – 10.497307,106.816692","Gò Công Đông District, Tien Giang, Vietnam"
"Huyện Tân Phú Đông, Tỉnh Tiền Giang",10.258926,106.664501,"10.19041,106.47445 – 10.308391,106.800658","Tân Phú Đông District, Tien Giang, Vietnam"
"Thành phố Bến Tre, Tỉnh Bến Tre",10.243356,106.375551,"10.19124,106.318817 – 10.283549,106.432286","Bến Tre, Ben Tre, Vietnam"
"Huyện Châu Thành, Tỉnh Bến Tre",10.306781,106.369927,"10.240326,106.14304 – 10.340423,106.452568","Châu Thành District, Ben Tre, Vietnam"
"Huyện Chợ Lách, Tỉnh Bến Tre",10.241094,106.169856,"10.149615,106.028225 – 10.298524,106.268933","Chợ Lách District, Ben Tre, Vietnam"
"Huyện Mỏ Cày Nam, Tỉnh Bến Tre",10.090108,106.369927,"9.966403,106.276359 – 10.175875,106.440704","Mỏ Cày Nam District, Ben Tre, Vietnam"
"Huyện Giồng Trôm, Tỉnh Bến Tre",10.171884,106.464146,"10.025319,106.357244 – 10.265171,106.586838","Giồng Trôm District, Ben Tre, Vietnam"
"Huyện Bình Đại, Tỉnh Bến Tre",10.205419,106.65271,"10.028112,106.439672 – 10.307657,106.791908","Bình Đại District, Ben Tre, Vietnam"
"Huyện Ba Tri, Tỉnh Bến Tre",10.057681,106.581979,"9.954816,106.470107 – 10.186372,106.699534","Ba Tri District, Ben Tre, Vietnam"
"Huyện Thạnh Phú, Tỉnh Bến Tre",9.907723,106.558407,"9.790439,106.399718 – 10.070675,106.688031","Thạnh Phú District, Ben Tre, Vietnam"
"Huyện Mỏ Cày Bắc, Tỉnh Bến Tre",10.170076,106.287521,"10.071959,106.218424 – 10.26303,106.361639","Mỏ Cày Bắc District, Ben Tre, Vietnam"
"Thành phố Trà Vinh, Tỉnh Trà Vinh",9.951332,106.334606,"9.886757,106.300256 – 10.016145,106.389456","Trà Vinh, Tra Vinh, Vietnam"
"Huyện Càng Long, Tỉnh Trà Vinh",9.967409,106.22868,"9.860165,106.112699 – 10.081762,106.31987","Càng Long District, Tra Vinh, Vietnam"
"Huyện Cầu Kè, Tỉnh Trà Vinh",9.887886,106.087533,"9.751224,105.954726 – 9.959573,106.167802","Cầu Kè District, Tra Vinh, Vietnam"
"Huyện Tiểu Cần, Tỉnh Trà Vinh",9.796916,106.18162,"9.726373,106.099517 – 9.892654,106.30773","Tiểu Cần District, Tra Vinh, Vietnam"
"Huyện Châu Thành, Tỉnh Trà Vinh",9.914818,106.417031,"9.784023,106.219598 – 9.978775,106.590463","Châu Thành District, Trà Vinh Province, Tra Vinh, Vietnam"
"Huyện Cầu Ngang, Tỉnh Trà Vinh",9.783052,106.464146,"9.676845,106.324662 – 9.895924,106.556309","Cầu Ngang District, Tra Vinh, Vietnam"
"Huyện Trà Cú, Tỉnh Trà Vinh",9.706085,106.275751,"9.60246,106.132926 – 9.798841,106.417516","Trà Cú District, Tra Vinh, Vietnam"
"Huyện Duyên Hải, Tỉnh Trà Vinh",9.610825,106.464146,"9.52957,106.27234 – 9.702219,106.518879","Duyên Hải District, Tra Vinh, Vietnam"
"Thị xã Duyên Hải, Tỉnh Trà Vinh",9.635698,106.50538,"9.597365,106.465073 – 9.683507,106.538544","Duyên Hải, Duyên Hải District, Tra Vinh, Vietnam"
"Thành phố Vĩnh Long, Tỉnh Vĩnh Long",10.239574,105.957193,"10.220459,105.876904 – 10.28332,106.001283","Vĩnh Long, Vinh Long, Vietnam"
"Huyện Long Hồ, Tỉnh Vĩnh Long",10.198068,105.946487,"10.13275,105.870062 – 10.330647,106.037113","Long Hồ District, Vinh Long, Vietnam"
"Huyện Mang Thít, Tỉnh Vĩnh Long",10.18076,106.075775,"10.105106,106.000372 – 10.259053,106.177619","Mang Thít District, Vinh Long, Vietnam"
"Huyện  Vũng Liêm, Tỉnh Vĩnh Long",10.058632,106.134571,"9.938424,106.066763 – 10.178039,106.289636","Vũng Liêm District, Vinh Long, Vietnam"
"Huyện Tam Bình, Tỉnh Vĩnh Long",10.067936,105.946487,"9.965481,105.858222 – 10.165063,106.080708","Tam Bình District, Vinh Long, Vietnam"
"Thị xã Bình Minh, Tỉnh Vĩnh Long",10.070517,105.822946,"9.983138,105.794595 – 10.105123,105.896945","Bình Minh, Vinh Long, Vietnam"
"Huyện Trà Ôn, Tỉnh Vĩnh Long",9.978996,105.993491,"9.882871,105.83704 – 10.092616,106.097843","Trà Ôn District, Vinh Long, Vietnam"
"Huyện Bình Tân, Tỉnh Vĩnh Long",10.120517,105.758591,"10.053144,105.682816 – 10.205004,105.868046","Bình Tân, Vinh Long, Vietnam"
"Thành phố Cao Lãnh, Tỉnh Đồng Tháp",10.454972,105.634035,"10.405725,105.560761 – 10.513003,105.690966","Cao Lãnh, Dong Thap, Vietnam"
"Thành phố Sa Đéc, Tỉnh Đồng Tháp",10.290126,105.751745,"10.260891,105.704178 – 10.382128,105.780774","Sa Đéc, Dong Thap, Vietnam"
"Thành phố Hồng Ngự, Tỉnh Đồng Tháp",10.808296,105.34143,"10.750799,105.312644 – 10.898175,105.450082","Hồng Ngự, Dong Thap, Vietnam"
"Huyện Tân Hồng, Tỉnh Đồng Tháp",10.876115,105.477108,"10.784485,105.37127 – 10.973419,105.611328","Tân Hồng District, Dong Thap, Vietnam"
"Huyện Hồng Ngự, Tỉnh Đồng Tháp",10.797987,105.289704,"10.69392,105.187392 – 10.911541,105.374191","Hồng Ngự District, Dong Thap, Vietnam"
"Huyện Tam Nông, Tỉnh Đồng Tháp",10.719279,105.547437,"10.647055,105.35588 – 10.8212,105.680195","Tam Nông District, Dong Thap, Vietnam"
"Huyện Tháp Mười, Tỉnh Đồng Tháp",10.530271,105.82903,"10.365695,105.635789 – 10.75264,105.942089","Tháp Mười District, Dong Thap, Vietnam"
"Huyện Cao Lãnh, Tỉnh Đồng Tháp",10.47082,105.711646,"10.294174,105.55368 – 10.672245,105.838362","Cao Lanh, Dong Thap, Vietnam"
"Huyện Thanh Bình, Tỉnh Đồng Tháp",10.613529,105.477108,"10.515708,105.342014 – 10.703435,105.623834","Thanh Bình District, Dong Thap, Vietnam"
"Huyện Lấp Vò, Tỉnh Đồng Tháp",10.344798,105.617794,"10.27912,105.487681 – 10.43431,105.719611","Lấp Vò District, Dong Thap, Vietnam"
"Huyện Lai Vung, Tỉnh Đồng Tháp",10.255455,105.664714,"10.134119,105.558221 – 10.35423,105.734823","Lai Vung District, Dong Thap, Vietnam"
"Huyện Châu Thành, Tỉnh Đồng Tháp",10.248506,105.805547,"10.148688,105.705446 – 10.298096,105.919651","Châu Thành District, Dong Thap, Vietnam"
"Thành phố Long Xuyên, Tỉnh An Giang",10.375942,105.418541,"10.303097,105.358243 – 10.439153,105.494242","Long Xuyên, An Giang, Vietnam"
"Thành phố Châu Đốc, Tỉnh An Giang",10.702239,105.108726,"10.610402,105.024361 – 10.765062,105.155533","Châu Đốc, An Giang, Vietnam"
"Huyện An Phú, Tỉnh An Giang",10.851217,105.102508,"10.710177,105.028472 – 10.962524,105.160249","An Phú District, An Giang, Vietnam"
"Thị xã Tân Châu, Tỉnh An Giang",10.842354,105.18435,"10.714936,105.124826 – 10.919609,105.254786","Tân Châu, An Giang, Vietnam"
"Huyện Phú Tân, Tỉnh An Giang",10.666615,105.289704,"10.54235,105.147823 – 10.76672,105.368182","Phú Tân District, An Giang, Vietnam"
"Huyện Châu Phú, Tỉnh An Giang",10.563027,105.172682,"10.436612,105.065279 – 10.701446,105.345547","Châu Phú District, An Giang, Vietnam"
"Thị xã Tịnh Biên, Tỉnh An Giang",10.549107,105.008989,"10.435323,104.899141 – 10.677274,105.114993","Tịnh Biên, An Giang, Vietnam"
"Huyện Tri Tôn, Tỉnh An Giang",10.397232,104.985618,"10.270696,104.778069 – 10.549385,105.124755","Tri Tôn, An Giang, Vietnam"
"Huyện Châu Thành, Tỉnh An Giang",10.406721,105.242885,"10.346119,105.11272 – 10.506952,105.408623","Châu Thành District, An Giang, Vietnam"
"Huyện Chợ Mới, Tỉnh An Giang",10.482525,105.477108,"10.334588,105.326829 – 10.576738,105.575616","Chợ Mới District, An Giang, Vietnam"
"Huyện Thoại Sơn, Tỉnh An Giang",10.301051,105.172682,"10.183524,105.095452 – 10.37304,105.441377","Thoại Sơn District, An Giang, Vietnam"
"Thành phố Rạch Giá, Tỉnh Kiên Giang",10.021507,105.091097,"9.936303,105.041313 – 10.114303,105.161262","Rạch Giá, Kien Giang, Vietnam"
"Thành phố Hà Tiên, Tỉnh Kiên Giang",10.379206,104.481997,"10.192115,104.224548 – 10.46418,104.573268","Hà Tiên, Kien Giang, Vietnam"
"Huyện Kiên Lương, Tỉnh Kiên Giang",10.30439,104.635463,"9.971655,104.492475 – 10.420074,104.78184","Kiên Lương District, Kien Giang, Vietnam"
"Huyện Hòn Đất, Tỉnh Kiên Giang",10.2227,104.985618,"10.036882,104.703652 – 10.439005,105.165325","Hòn Đất District, Kien Giang, Vietnam"
"Huyện Tân Hiệp, Tỉnh Kiên Giang",10.101792,105.242885,"9.956365,105.108056 – 10.218467,105.364419","Tân Hịêp, Kien Giang, Vietnam"
"Huyện Châu Thành, Tỉnh Kiên Giang",9.888954,105.149287,"9.829739,105.09314 – 10.088917,105.25268","Châu Thành District, Kien Giang, Vietnam"
"Huyện Giồng Riềng, Tỉnh Kiên Giang",9.944286,105.359957,"9.794151,105.201037 – 10.073235,105.539526","Giồng Riềng District, Kien Giang, Vietnam"
"Huyện Gò Quao, Tỉnh Kiên Giang",9.752508,105.289704,"9.587701,105.136994 – 9.853153,105.437068","Gò Quao District, Kien Giang, Vietnam"
"Huyện An Biên, Tỉnh Kiên Giang",9.806456,105.055742,"9.693564,104.915701 – 9.959728,105.147657","An Biên District, Kien Giang, Vietnam"
"Huyện An Minh, Tỉnh Kiên Giang",9.639385,104.915524,"9.494161,104.832477 – 9.850729,105.067788","An Minh District, Kien Giang, Vietnam"
"Huyện Vĩnh Thuận, Tỉnh Kiên Giang",9.487033,105.18438,"9.445167,105.136928 – 9.536426,105.233917","Vĩnh Thuận, Kiên Giang, Vietnam"
"Thành phố Phú Quốc, Tỉnh Kiên Giang",10.222873,103.962626,"9.254563,103.458396 – 10.466965,104.124298","Phu Quoc, Kien Giang, Vietnam"
"Huyện Kiên Hải, Tỉnh Kiên Giang",9.808625,104.641293,"9.630863,104.341235 – 9.977839,104.858057","Kiên Hải District, Kien Giang, Vietnam"
"Huyện U Minh Thượng, Tỉnh Kiên Giang",9.631113,105.102508,"9.47788,105.031152 – 9.769311,105.24704","U Minh Thượng District, Kien Giang, Vietnam"
"Huyện Giang Thành, Tỉnh Kiên Giang",10.477136,104.682105,"10.346054,104.526417 – 10.539558,104.810174","Giang Thành District, Kien Giang, Vietnam"
"Quận Ninh Kiều, Thành phố Cần Thơ",10.028049,105.76446,"9.993609,105.71793 – 10.070456,105.803789","Ninh Kiều, Cần Thơ, Vietnam"
"Quận Ô Môn, Thành phố Cần Thơ",10.13765,105.629523,"10.044298,105.556577 – 10.20293,105.709024","Ô Môn, Cần Thơ, Vietnam"
"Quận Bình Thủy, Thành phố Cần Thơ",10.067987,105.723381,"10.003519,105.665615 – 10.118367,105.781066","Bình Thủy, Cần Thơ, Vietnam"
"Quận Cái Răng, Thành phố Cần Thơ",9.999537,105.793807,"9.954398,105.723308 – 10.04301,105.845472","Cái Răng, Cần Thơ, Vietnam"
"Quận Thốt Nốt, Thành phố Cần Thơ",10.262338,105.523991,"10.152148,105.47948 – 10.325289,105.624746","Thốt Nốt, Cần Thơ, Vietnam"
"Huyện Vĩnh Thạnh, Thành phố Cần Thơ",10.184348,105.336536,"10.100679,105.225754 – 10.312396,105.498741","Vĩnh Thạnh, Cần Thơ, Vietnam"
"Huyện Cờ Đỏ, Thành phố Cần Thơ",10.11353,105.453672,"10.025253,105.345851 – 10.234744,105.581587","Cờ Đỏ District, Cần Thơ, Vietnam"
"Huyện Phong Điền, Thành phố Cần Thơ",10.006319,105.652983,"9.939428,105.583205 – 10.057173,105.739633","Phong Điền, Cần Thơ, Vietnam"
"Huyện Thới Lai, Thành phố Cần Thơ",10.001632,105.523991,"9.919608,105.418111 – 10.128597,105.631043","Thới Lai, Cần Thơ, Vietnam"
"Thành phố Vị Thanh, Tỉnh Hậu Giang",9.773192,105.453708,"9.679636,105.327644 – 9.82418,105.502868","Vị Thanh, Hau Giang, Vietnam"
"Thành phố Ngã Bảy, Tỉnh Hậu Giang",9.80899,105.822099,"9.763027,105.766934 – 9.882523,105.86647","Ngã Bảy, Hau Giang, Vietnam"
"Huyện Châu Thành A, Tỉnh Hậu Giang",9.920751,105.629523,"9.865274,105.532339 – 9.994115,105.75541","Châu Thành A, Hau Giang, Vietnam"
"Huyện Châu Thành, Tỉnh Hậu Giang",9.911784,105.817288,"9.859821,105.727206 – 9.982616,105.896806","Châu Thành, Hau Giang, Vietnam"
"Huyện Phụng Hiệp, Tỉnh Hậu Giang",9.776213,105.711646,"9.653477,105.58629 – 9.922677,105.844909","Phụng Hiệp District, Hau Giang, Vietnam"
"Huyện Vị Thủy, Tỉnh Hậu Giang",9.826082,105.570887,"9.688228,105.450446 – 9.913038,105.627453","Vị Thủy District, Hau Giang, Vietnam"
"Huyện Long Mỹ, Tỉnh Hậu Giang",9.655285,105.523991,"9.582151,105.338372 – 9.775678,105.694922","Long Mỹ District, Hau Giang, Vietnam"
"Thị xã Long Mỹ, Tỉnh Hậu Giang",9.669597,105.565024,"9.6511,105.54677 – 9.695774,105.592861","Long Mỹ, Long Mỹ District, Hau Giang, Vietnam"
"Thành phố Sóc Trăng, Tỉnh Sóc Trăng",9.602521,105.973905,"9.559639,105.928781 – 9.659773,106.026843","Sóc Trăng, Soc Trang, Vietnam"
"Huyện Châu Thành, Tỉnh Sóc Trăng",9.680973,105.899496,"9.589161,105.799081 – 9.75283,105.997025","Châu Thành District, Sóc Trăng Province, Soc Trang, Vietnam"
"Huyện Kế Sách, Tỉnh Sóc Trăng",9.831011,105.92299,"9.710422,105.843497 – 9.938067,106.073573","Kế Sách District, Soc Trang, Vietnam"
"Huyện Mỹ Tú, Tỉnh Sóc Trăng",9.599104,105.805547,"9.523781,105.669426 – 9.721967,105.951223","My Tu, Soc Trang, Vietnam"
"Huyện Cù Lao Dung, Tỉnh Sóc Trăng",9.579152,106.22868,"9.486533,106.068324 – 9.774411,106.335103","Cù Lao Dung District, Soc Trang, Vietnam"
"Huyện Long Phú, Tỉnh Sóc Trăng",9.628942,106.087533,"9.542002,105.983058 – 9.784115,106.184871","Long Phú District, Soc Trang, Vietnam"
"Huyện Mỹ Xuyên, Tỉnh Sóc Trăng",9.465511,105.899496,"9.352987,105.753435 – 9.583797,106.009132","Mỹ Xuyên District, Soc Trang, Vietnam"
"Thị xã Ngã Năm, Tỉnh Sóc Trăng",9.521517,105.617794,"9.410876,105.543663 – 9.641907,105.70544","Ngã Năm, Soc Trang, Vietnam"
"Huyện Thạnh Trị, Tỉnh Sóc Trăng",9.474141,105.711646,"9.377507,105.588478 – 9.556764,105.849854","Thạnh Trị District, Soc Trang, Vietnam"
"Thị xã Vĩnh Châu, Tỉnh Sóc Trăng",9.324958,105.980454,"9.241589,105.812287 – 9.45321,106.198311","Vĩnh Châu, Soc Trang, Vietnam"
"Huyện Trần Đề, Tỉnh Sóc Trăng",9.49978,106.087533,"9.401704,105.964369 – 9.587495,106.219862","Trần Đề District, Soc Trang, Vietnam"
"Thành phố Bạc Liêu, Tỉnh Bạc Liêu",9.294003,105.721566,"9.197821,105.679261 – 9.338944,105.826999","Bạc Liêu, Bac Lieu, Vietnam"
"Huyện Hồng Dân, Tỉnh Bạc Liêu",9.532129,105.383381,"9.381289,105.262303 – 9.637453,105.555719","Hồng Dân District, Bac Lieu, Vietnam"
"Huyện Phước Long, Tỉnh Bạc Liêu",9.400672,105.430238,"9.279743,105.248315 – 9.4927,105.578294","Phước Long, Bac Lieu, Vietnam"
"Huyện Vĩnh Lợi, Tỉnh Bạc Liêu",9.34503,105.711646,"9.260432,105.549618 – 9.424764,105.860139","Vĩnh Lợi, Bac Lieu, Vietnam"
"Thị xã Giá Rai, Tỉnh Bạc Liêu",9.273587,105.383381,"9.174084,105.23248 – 9.352706,105.5482","Giá Rai District, Bac Lieu, Vietnam"
"Huyện Đông Hải, Tỉnh Bạc Liêu",9.163064,105.453672,"9.014727,105.245034 – 9.259222,105.582149","Dong Hai, Bac Lieu, Vietnam"
"Huyện Hòa Bình, Tỉnh Bạc Liêu",9.273476,105.629523,"9.244692,105.60467 – 9.319125,105.655811","Hòa Bình District, Hòa Bình, Bac Lieu, Vietnam"
"Thành phố Cà Mau, Tỉnh Cà Mau",9.152673,105.19608,"9.082604,105.094249 – 9.268125,105.280094","Cà Mau, Ca Mau, Vietnam"
"Huyện U Minh, Tỉnh Cà Mau",9.355444,104.985618,"9.185975,104.81582 – 9.562016,105.087979","U Minh District, Ca Mau, Vietnam"
"Huyện Thới Bình, Tỉnh Cà Mau",9.347363,105.172682,"9.200718,104.959847 – 9.558622,105.296442","Thới Bình, Ca Mau, Vietnam"
"Huyện Trần Văn Thời, Tỉnh Cà Mau",9.100972,104.892167,"8.973834,104.797833 – 9.277818,105.123493","Trần Văn Thời District, Ca Mau, Vietnam"
"Huyện Cái Nước, Tỉnh Cà Mau",8.986776,105.055742,"8.852604,104.959036 – 9.162647,105.157798","Cái Nước District, Ca Mau, Vietnam"
"Huyện Đầm Dơi, Tỉnh Cà Mau",8.999419,105.266293,"8.823628,105.04916 – 9.101558,105.41915","Đầm Dơi District, Ca Mau, Vietnam"
"Huyện Năm Căn, Tỉnh Cà Mau",8.815307,105.055742,"8.692061,104.809914 – 8.872481,105.325206","Năm Căn District, Ca Mau, Vietnam"
"Huyện Phú Tân, Tỉnh Cà Mau",8.929136,104.892167,"8.746548,104.780484 – 9.010977,105.013405","Phú Tân District, Ca Mau, Vietnam"
"Huyện Ngọc Hiển, Tỉnh Cà Mau",8.647954,104.96225,"8.408631,104.70541 – 8.796906,105.218539","Ngọc Hiển District, Ca Mau, Vietnam"
